doc_id,org,org_full,title,year,lang,topic,doc_type,url,notes
aap_adhd_cpg,AAP,American Academy of Pediatrics,"Clinical Practice Guideline for the Diagnosis, Evaluation, and Treatment of ADHD in Children and Adolescents",2019,en,desarrollo,guia_clinica,,
aap_obesity_cpg,AAP,American Academy of Pediatrics,Clinical Practice Guideline for the Evaluation and Treatment of Children and Adolescents With Obesity,2023,en,alimentacion,guia_clinica,,
aap_down_syndrome,AAP,American Academy of Pediatrics,Health Supervision for Children and Adolescents With Down Syndrome,2022,en,desarrollo,guia_clinica,,
aap_neonatal_compendium,AAP,American Academy of Pediatrics,Neonatal Care: A Compendium of AAP Clinical Practice Guidelines and Policies,,en,recien_nacido,guia_clinica,,
aemps_es_sueroral_hiposodico_prospecto,AEMPS,Agencia Española de Medicamentos y Productos Sanitarios — CIMA (prospecto autorizado),Prospecto: Sueroral Hiposódico polvo para solución oral (CIMA 59877),,es,digestivo,hoja_padres,https://cima.aemps.es/cima/pdfs/es/p/59877/59877_p.pdf,posología del suero oral por edad; documento regulatorio público
aep_cuidados_recien_nacido,AEP,"Asociación Española de Pediatría — Protocolos de Neonatología (Doménech, González, Rodríguez-Alarcón)",Cuidados generales del recién nacido sano,,es,recien_nacido,guia_clinica,,
aep_alimentacion_complementaria,AEP,Asociación Española de Pediatría (Comité de Lactancia Materna y Comité de Nutrición),Recomendaciones de la AEP sobre la alimentación complementaria,2018,es,alimentacion,guia_clinica,,
aepap_guia_dosificacion_3ed,AEPap,Asociación Española de Pediatría de Atención Primaria,Guía rápida de dosificación práctica en pediatría (3.ª edición),,es,medicamentos,guia_clinica,,fuente de la calculadora de dosis
cdc_en_chickenpox_about_index,CDC,Centers for Disease Control and Prevention (USA),About Chickenpox,,en,piel,hoja_padres,https://www.cdc.gov/chickenpox/about/index.html,licence: Public domain (U.S. Government work); fetched 2026-09-02
cdc_en_hand_foot_mouth_about_index,CDC,Centers for Disease Control and Prevention (USA),"About Hand, Foot, and Mouth Disease",,en,piel,hoja_padres,https://www.cdc.gov/hand-foot-mouth/about/index.html,licence: Public domain (U.S. Government work); fetched 2026-09-02
cdc_en_lice_about_index,CDC,Centers for Disease Control and Prevention (USA),About Lice,,en,piel,hoja_padres,https://www.cdc.gov/lice/about/index.html,licence: Public domain (U.S. Government work); fetched 2026-09-02
cdc_en_norovirus_about_index,CDC,Centers for Disease Control and Prevention (USA),About Norovirus,,en,digestivo,hoja_padres,https://www.cdc.gov/norovirus/about/index.html,licence: Public domain (U.S. Government work); fetched 2026-09-02
cdc_en_rsv_about_index,CDC,Centers for Disease Control and Prevention (USA),About RSV,,en,respiratorio,hoja_padres,https://www.cdc.gov/rsv/about/index.html,licence: Public domain (U.S. Government work); fetched 2026-09-02
cdc_en_rotavirus_about_index,CDC,Centers for Disease Control and Prevention (USA),About Rotavirus,,en,digestivo,hoja_padres,https://www.cdc.gov/rotavirus/about/index.html,licence: Public domain (U.S. Government work); fetched 2026-09-02
cdc_en_pertussis_about_index,CDC,Centers for Disease Control and Prevention (USA),About Whooping Cough,,en,respiratorio,hoja_padres,https://www.cdc.gov/pertussis/about/index.html,licence: Public domain (U.S. Government work); fetched 2026-09-02
cdc_en_act_early_milestones_index,CDC,Centers for Disease Control and Prevention (USA),CDC's Developmental Milestones,,en,desarrollo,hoja_padres,https://www.cdc.gov/act-early/milestones/index.html,licence: Public domain (U.S. Government work); fetched 2026-09-02
cdc_en_heads_up_about_index,CDC,Centers for Disease Control and Prevention (USA),Concussion Basics,,en,accidentes,hoja_padres,https://www.cdc.gov/heads-up/about/index.html,licence: Public domain (U.S. Government work); fetched 2026-09-02
cdc_en_ear_infection_about,CDC,Centers for Disease Control and Prevention (USA),Ear Infection Basics,,en,orl,hoja_padres,https://www.cdc.gov/ear-infection/about/,licence: Public domain (U.S. Government work); fetched 2026-09-11
cdc_en_children,CDC,Centers for Disease Control and Prevention (USA),Flu and Children,,en,respiratorio,hoja_padres,https://www.cdc.gov/flu/highrisk/children.html,licence: Public domain (U.S. Government work); fetched 2026-09-02
cdc_en_infant_toddler_nutrition_index,CDC,Centers for Disease Control and Prevention (USA),Infant and Toddler Nutrition,,en,alimentacion,hoja_padres,https://www.cdc.gov/infant-toddler-nutrition/index.html,licence: Public domain (U.S. Government work); fetched 2026-09-02
cdc_en_treatment,CDC,Centers for Disease Control and Prevention (USA),Manage Common Cold,,en,respiratorio,hoja_padres,https://www.cdc.gov/common-cold/treatment/,licence: Public domain (U.S. Government work); fetched 2026-09-11
cdc_en_measles_signs_symptoms_index,CDC,Centers for Disease Control and Prevention (USA),Measles Symptoms and Complications,,en,piel,hoja_padres,https://www.cdc.gov/measles/signs-symptoms/index.html,licence: Public domain (U.S. Government work); fetched 2026-09-02
cdc_en_child_development_positive_parenting_tips_index,CDC,Centers for Disease Control and Prevention (USA),Positive Parenting Tips,,en,crianza,hoja_padres,https://www.cdc.gov/child-development/positive-parenting-tips/index.html,licence: Public domain (U.S. Government work); fetched 2026-09-02
cdc_en_drowning_prevention_index,CDC,Centers for Disease Control and Prevention (USA),Preventing Drowning,,en,accidentes,hoja_padres,https://www.cdc.gov/drowning/prevention/index.html,licence: Public domain (U.S. Government work); fetched 2026-09-02
cdc_en_rsv_infants_young_children_index,CDC,Centers for Disease Control and Prevention (USA),RSV in Infants and Young Children,,en,respiratorio,hoja_padres,https://www.cdc.gov/rsv/infants-young-children/index.html,licence: Public domain (U.S. Government work); fetched 2026-09-02
cdc_en_child_easyread,CDC,Centers for Disease Control and Prevention (USA),Recommended Vaccines for Young Children,,en,vacunas,hoja_padres,https://www.cdc.gov/vaccines/imz-schedules/child-easyread.html,licence: Public domain (U.S. Government work); fetched 2026-09-02
cdc_en_heads_up_signs_symptoms_index,CDC,Centers for Disease Control and Prevention (USA),Signs and Symptoms of Concussion,,en,accidentes,hoja_padres,https://www.cdc.gov/heads-up/signs-symptoms/index.html,licence: Public domain (U.S. Government work); fetched 2026-09-02
cdcvis_ar_dtap,CDC,Centers for Disease Control and Prevention (USA),بيان معلومات اللقاح — DTaP,2025,ar,vacunas,hoja_padres,https://www.immunize.org/wp-content/uploads/vis/arabic_dtap.pdf,"Vaccine Information Statement del CDC (obra del gobierno de EE. UU., dominio público); la traducción la produce y aloja Immunize.org, que no publica un permiso explícito de redistribución, así que va como citar_solo. difteria, tétanos y tosferina."
cdcvis_ar_flu_inactive,CDC,Centers for Disease Control and Prevention (USA),بيان معلومات اللقاح — Gripe,2025,ar,vacunas,hoja_padres,https://www.immunize.org/wp-content/uploads/vis/arabic_flu_inactive.pdf,"Vaccine Information Statement del CDC (obra del gobierno de EE. UU., dominio público); la traducción la produce y aloja Immunize.org, que no publica un permiso explícito de redistribución, así que va como citar_solo. gripe estacional."
cdcvis_ar_hepatitis_a,CDC,Centers for Disease Control and Prevention (USA),بيان معلومات اللقاح — Hepatitis A,2025,ar,vacunas,hoja_padres,https://www.immunize.org/wp-content/uploads/vis/arabic_hepatitis_a.pdf,"Vaccine Information Statement del CDC (obra del gobierno de EE. UU., dominio público); la traducción la produce y aloja Immunize.org, que no publica un permiso explícito de redistribución, así que va como citar_solo. hepatitis A."
cdcvis_ar_hepatitis_b,CDC,Centers for Disease Control and Prevention (USA),بيان معلومات اللقاح — Hepatitis B,2025,ar,vacunas,hoja_padres,https://www.immunize.org/wp-content/uploads/vis/arabic_hepatitis_b.pdf,"Vaccine Information Statement del CDC (obra del gobierno de EE. UU., dominio público); la traducción la produce y aloja Immunize.org, que no publica un permiso explícito de redistribución, así que va como citar_solo. hepatitis B."
cdcvis_ar_hib,CDC,Centers for Disease Control and Prevention (USA),بيان معلومات اللقاح — Hib,2025,ar,vacunas,hoja_padres,https://www.immunize.org/wp-content/uploads/vis/arabic_hib.pdf,"Vaccine Information Statement del CDC (obra del gobierno de EE. UU., dominio público); la traducción la produce y aloja Immunize.org, que no publica un permiso explícito de redistribución, así que va como citar_solo. Haemophilus influenzae tipo b."
cdcvis_ar_mmr,CDC,Centers for Disease Control and Prevention (USA),بيان معلومات اللقاح — MMR,2025,ar,vacunas,hoja_padres,https://www.immunize.org/wp-content/uploads/vis/arabic_mmr.pdf,"Vaccine Information Statement del CDC (obra del gobierno de EE. UU., dominio público); la traducción la produce y aloja Immunize.org, que no publica un permiso explícito de redistribución, así que va como citar_solo. sarampión, paperas y rubéola."
cdcvis_ar_meningococcal,CDC,Centers for Disease Control and Prevention (USA),بيان معلومات اللقاح — Meningococo,2025,ar,vacunas,hoja_padres,https://www.immunize.org/wp-content/uploads/vis/arabic_meningococcal.pdf,"Vaccine Information Statement del CDC (obra del gobierno de EE. UU., dominio público); la traducción la produce y aloja Immunize.org, que no publica un permiso explícito de redistribución, así que va como citar_solo. enfermedad meningocócica."
cdcvis_ar_rotavirus,CDC,Centers for Disease Control and Prevention (USA),بيان معلومات اللقاح — Rotavirus,2025,ar,vacunas,hoja_padres,https://www.immunize.org/wp-content/uploads/vis/arabic_rotavirus.pdf,"Vaccine Information Statement del CDC (obra del gobierno de EE. UU., dominio público); la traducción la produce y aloja Immunize.org, que no publica un permiso explícito de redistribución, así que va como citar_solo. rotavirus."
cdcvis_ar_varicella,CDC,Centers for Disease Control and Prevention (USA),بيان معلومات اللقاح — Varicela,2025,ar,vacunas,hoja_padres,https://www.immunize.org/wp-content/uploads/vis/arabic_varicella.pdf,"Vaccine Information Statement del CDC (obra del gobierno de EE. UU., dominio público); la traducción la produce y aloja Immunize.org, que no publica un permiso explícito de redistribución, así que va como citar_solo. varicela."
cdcvis_hi_dtap,CDC,Centers for Disease Control and Prevention (USA),टीके की जानकारी का वक्तव्य — DTaP,2025,hi,vacunas,hoja_padres,https://www.immunize.org/wp-content/uploads/vis/hindi_dtap.pdf,"Vaccine Information Statement del CDC (obra del gobierno de EE. UU., dominio público); la traducción la produce y aloja Immunize.org, que no publica un permiso explícito de redistribución, así que va como citar_solo. difteria, tétanos y tosferina."
cdcvis_hi_flu_inactive,CDC,Centers for Disease Control and Prevention (USA),टीके की जानकारी का वक्तव्य — Gripe,2025,hi,vacunas,hoja_padres,https://www.immunize.org/wp-content/uploads/vis/hindi_flu_inactive.pdf,"Vaccine Information Statement del CDC (obra del gobierno de EE. UU., dominio público); la traducción la produce y aloja Immunize.org, que no publica un permiso explícito de redistribución, así que va como citar_solo. gripe estacional."
cdcvis_hi_hepatitis_a,CDC,Centers for Disease Control and Prevention (USA),टीके की जानकारी का वक्तव्य — Hepatitis A,2025,hi,vacunas,hoja_padres,https://www.immunize.org/wp-content/uploads/vis/hindi_hepatitis_a.pdf,"Vaccine Information Statement del CDC (obra del gobierno de EE. UU., dominio público); la traducción la produce y aloja Immunize.org, que no publica un permiso explícito de redistribución, así que va como citar_solo. hepatitis A."
cdcvis_hi_hepatitis_b,CDC,Centers for Disease Control and Prevention (USA),टीके की जानकारी का वक्तव्य — Hepatitis B,2025,hi,vacunas,hoja_padres,https://www.immunize.org/wp-content/uploads/vis/hindi_hepatitis_b.pdf,"Vaccine Information Statement del CDC (obra del gobierno de EE. UU., dominio público); la traducción la produce y aloja Immunize.org, que no publica un permiso explícito de redistribución, así que va como citar_solo. hepatitis B."
cdcvis_hi_hib,CDC,Centers for Disease Control and Prevention (USA),टीके की जानकारी का वक्तव्य — Hib,2025,hi,vacunas,hoja_padres,https://www.immunize.org/wp-content/uploads/vis/hindi_hib.pdf,"Vaccine Information Statement del CDC (obra del gobierno de EE. UU., dominio público); la traducción la produce y aloja Immunize.org, que no publica un permiso explícito de redistribución, así que va como citar_solo. Haemophilus influenzae tipo b."
cdcvis_hi_mmr,CDC,Centers for Disease Control and Prevention (USA),टीके की जानकारी का वक्तव्य — MMR,2025,hi,vacunas,hoja_padres,https://www.immunize.org/wp-content/uploads/vis/hindi_mmr.pdf,"Vaccine Information Statement del CDC (obra del gobierno de EE. UU., dominio público); la traducción la produce y aloja Immunize.org, que no publica un permiso explícito de redistribución, así que va como citar_solo. sarampión, paperas y rubéola."
cdcvis_hi_meningococcal,CDC,Centers for Disease Control and Prevention (USA),टीके की जानकारी का वक्तव्य — Meningococo,2025,hi,vacunas,hoja_padres,https://www.immunize.org/wp-content/uploads/vis/hindi_meningococcal.pdf,"Vaccine Information Statement del CDC (obra del gobierno de EE. UU., dominio público); la traducción la produce y aloja Immunize.org, que no publica un permiso explícito de redistribución, así que va como citar_solo. enfermedad meningocócica."
cdcvis_hi_pcv13,CDC,Centers for Disease Control and Prevention (USA),टीके की जानकारी का वक्तव्य — Neumococo,2025,hi,vacunas,hoja_padres,https://www.immunize.org/wp-content/uploads/vis/hindi_pcv13.pdf,"Vaccine Information Statement del CDC (obra del gobierno de EE. UU., dominio público); la traducción la produce y aloja Immunize.org, que no publica un permiso explícito de redistribución, así que va como citar_solo. enfermedad neumocócica."
cdcvis_hi_rotavirus,CDC,Centers for Disease Control and Prevention (USA),टीके की जानकारी का वक्तव्य — Rotavirus,2025,hi,vacunas,hoja_padres,https://www.immunize.org/wp-content/uploads/vis/hindi_rotavirus.pdf,"Vaccine Information Statement del CDC (obra del gobierno de EE. UU., dominio público); la traducción la produce y aloja Immunize.org, que no publica un permiso explícito de redistribución, así que va como citar_solo. rotavirus."
cdcvis_hi_varicella,CDC,Centers for Disease Control and Prevention (USA),टीके की जानकारी का वक्तव्य — Varicela,2025,hi,vacunas,hoja_padres,https://www.immunize.org/wp-content/uploads/vis/hindi_varicella.pdf,"Vaccine Information Statement del CDC (obra del gobierno de EE. UU., dominio público); la traducción la produce y aloja Immunize.org, que no publica un permiso explícito de redistribución, así que va como citar_solo. varicela."
oer_child_growth_development,College of the Canyons,"College of the Canyons — Open Educational Resource (Paris, Ricardo, Rymond)",Child Growth and Development,,en,desarrollo,manual,,
ecimed_pediatria_2016,Ecimed,Editorial Ciencias Médicas (La Habana),Pediatría. Diagnóstico y tratamiento,2016,es,auto,libro,,obra editorial de otro sistema sanitario; solo respaldo
canada_fr_commotions_cerebrales_signes_symptomes,Gouvernement du Canada,Gouvernement du Canada / Government of Canada (santé publique),Commotions cérébrales : Symptômes et traitement,,fr,accidentes,hoja_padres,https://www.canada.ca/fr/sante-publique/services/maladies/commotions-cerebrales-signes-symptomes.html,"licence: Reproduction non commerciale autorisée sans permission, avec exactitude, titre, auteur et URL d'origine (Avis, canada.ca); fetched 2026-09-02"
canada_fr_coqueluche_toux_coquelucheuse,Gouvernement du Canada,Gouvernement du Canada / Government of Canada (santé publique),Coqueluche (toux coquelucheuse) : Symptômes et traitement,,fr,respiratorio,hoja_padres,https://www.canada.ca/fr/sante-publique/services/maladies/coqueluche-toux-coquelucheuse.html,"licence: Reproduction non commerciale autorisée sans permission, avec exactitude, titre, auteur et URL d'origine (Avis, canada.ca); fetched 2026-09-02"
canada_fr_grippe_influenza,Gouvernement du Canada,Gouvernement du Canada / Government of Canada (santé publique),Grippe (influenza saisonnière) : Symptômes et traitement,,fr,respiratorio,hoja_padres,https://www.canada.ca/fr/sante-publique/services/maladies/grippe-influenza.html,"licence: Reproduction non commerciale autorisée sans permission, avec exactitude, titre, auteur et URL d'origine (Avis, canada.ca); fetched 2026-09-02"
canada_fr_maladie_lyme,Gouvernement du Canada,Gouvernement du Canada / Government of Canada (santé publique),Maladie de Lyme : Symptômes et traitement,,fr,piel,hoja_padres,https://www.canada.ca/fr/sante-publique/services/maladies/maladie-lyme.html,"licence: Reproduction non commerciale autorisée sans permission, avec exactitude, titre, auteur et URL d'origine (Avis, canada.ca); fetched 2026-09-02"
canada_fr_oreillons,Gouvernement du Canada,Gouvernement du Canada / Government of Canada (santé publique),Oreillons : Symptômes et traitement,,fr,general,hoja_padres,https://www.canada.ca/fr/sante-publique/services/maladies/oreillons.html,"licence: Reproduction non commerciale autorisée sans permission, avec exactitude, titre, auteur et URL d'origine (Avis, canada.ca); fetched 2026-09-02"
canada_fr_rougeole,Gouvernement du Canada,Gouvernement du Canada / Government of Canada (santé publique),Rougeole : Symptômes et traitement,,fr,piel,hoja_padres,https://www.canada.ca/fr/sante-publique/services/maladies/rougeole.html,"licence: Reproduction non commerciale autorisée sans permission, avec exactitude, titre, auteur et URL d'origine (Avis, canada.ca); fetched 2026-09-02"
canada_fr_rubeole,Gouvernement du Canada,Gouvernement du Canada / Government of Canada (santé publique),Rubéole,,fr,piel,hoja_padres,https://www.canada.ca/fr/sante-publique/services/maladies/rubeole.html,"licence: Reproduction non commerciale autorisée sans permission, avec exactitude, titre, auteur et URL d'origine (Avis, canada.ca); fetched 2026-09-02"
canada_fr_securite_soleil,Gouvernement du Canada,Gouvernement du Canada / Government of Canada (santé publique),Sécurité au soleil,,fr,accidentes,hoja_padres,https://www.canada.ca/fr/sante-canada/services/securite-soleil.html,"licence: Reproduction non commerciale autorisée sans permission, avec exactitude, titre, auteur et URL d'origine (Avis, canada.ca); fetched 2026-09-02"
canada_fr_vaccinations_pour_enfants,Gouvernement du Canada,Gouvernement du Canada / Government of Canada (santé publique),Vaccins pour les enfants : À propos des vaccins,,fr,vacunas,hoja_padres,https://www.canada.ca/fr/sante-publique/services/vaccinations-pour-enfants.html,"licence: Reproduction non commerciale autorisée sans permission, avec exactitude, titre, auteur et URL d'origine (Avis, canada.ca); fetched 2026-09-02"
canada_fr_virus_respiratoire_syncytial_vrs,Gouvernement du Canada,Gouvernement du Canada / Government of Canada (santé publique),Virus respiratoire syncytial (VRS) : Symptômes et traitement,,fr,respiratorio,hoja_padres,https://www.canada.ca/fr/sante-publique/services/maladies/virus-respiratoire-syncytial-vrs.html,"licence: Reproduction non commerciale autorisée sans permission, avec exactitude, titre, auteur et URL d'origine (Avis, canada.ca); fetched 2026-09-02"
ninojesus_primeros_auxilios,H. Niño Jesús,"Hospital Infantil Universitario Niño Jesús (Casado Flores, Jiménez García)",Guía práctica de primeros auxilios para padres,2017,es,accidentes,libro,,ISBN 978-84-16732-74-6
donostia_guia_antibiotico,H. U. Donostia,Hospital Universitario Donostia — Comité de Política Antibiótica,Guía de tratamiento antibiótico en pediatría,,es,medicamentos,guia_clinica,,el bot nunca recomienda antibióticos; solo contexto
andalucia_cuidame_guia,Junta de Andalucía,Consejería de Salud de la Junta de Andalucía,Cuídame: guía para madres y padres,,es,crianza,manual,,
andalucia_cuidame_comienzo_vida,Junta de Andalucía,Consejería de Salud de la Junta de Andalucía,Cuídame: orientaciones para el comienzo de la vida,,es,recien_nacido,manual,,
mlp_es_allergy,MedlinePlus,MedlinePlus (U.S. National Library of Medicine),Alergia,,es,alergia,hoja_padres,https://medlineplus.gov/spanish/allergy.html,licence: Public domain (U.S. Government work; health-topic summaries); fetched 2026-09-21
mlp_es_foodallergy,MedlinePlus,MedlinePlus (U.S. National Library of Medicine),Alergia a los alimentos,,es,alergia,hoja_padres,https://medlineplus.gov/spanish/foodallergy.html,licence: Public domain (U.S. Government work; health-topic summaries); fetched 2026-09-21
mlp_en_allergy,MedlinePlus,MedlinePlus (U.S. National Library of Medicine),Allergy,2025,en,alergia,hoja_padres,https://medlineplus.gov/allergy.html,licence: Public domain (U.S. Government work; health-topic summaries); fetched 2026-09-02
mlp_es_anaphylaxis,MedlinePlus,MedlinePlus (U.S. National Library of Medicine),Anafilaxia,,es,alergia,hoja_padres,https://medlineplus.gov/spanish/anaphylaxis.html,licence: Public domain (U.S. Government work; health-topic summaries); fetched 2026-09-21
mlp_es_asthmainchildren,MedlinePlus,MedlinePlus (U.S. National Library of Medicine),Asma en niños,,es,respiratorio,hoja_padres,https://medlineplus.gov/spanish/asthmainchildren.html,licence: Public domain (U.S. Government work; health-topic summaries); fetched 2026-09-02
mlp_en_asthmainchildren,MedlinePlus,MedlinePlus (U.S. National Library of Medicine),Asthma in Children,2024,en,respiratorio,hoja_padres,https://medlineplus.gov/asthmainchildren.html,licence: Public domain (U.S. Government work; health-topic summaries); fetched 2026-09-02
mlp_es_choking,MedlinePlus,MedlinePlus (U.S. National Library of Medicine),Atragantamiento,,es,accidentes,hoja_padres,https://medlineplus.gov/spanish/choking.html,licence: Public domain (U.S. Government work; health-topic summaries); fetched 2026-09-02
mlp_en_autismspectrumdisorder,MedlinePlus,MedlinePlus (U.S. National Library of Medicine),Autism Spectrum Disorder,2025,en,desarrollo,hoja_padres,https://medlineplus.gov/autismspectrumdisorder.html,licence: Public domain (U.S. Government work; health-topic summaries); fetched 2026-09-02
mlp_en_breastfeeding,MedlinePlus,MedlinePlus (U.S. National Library of Medicine),Breastfeeding,2017,en,alimentacion,hoja_padres,https://medlineplus.gov/breastfeeding.html,licence: Public domain (U.S. Government work; health-topic summaries); fetched 2026-09-02
mlp_en_burns,MedlinePlus,MedlinePlus (U.S. National Library of Medicine),Burns,2024,en,accidentes,hoja_padres,https://medlineplus.gov/burns.html,licence: Public domain (U.S. Government work; health-topic summaries); fetched 2026-09-02
mlp_en_chickenpox,MedlinePlus,MedlinePlus (U.S. National Library of Medicine),Chickenpox,2025,en,piel,hoja_padres,https://medlineplus.gov/chickenpox.html,licence: Public domain (U.S. Government work; health-topic summaries); fetched 2026-09-02
mlp_en_childdevelopment,MedlinePlus,MedlinePlus (U.S. National Library of Medicine),Child Development,2025,en,desarrollo,hoja_padres,https://medlineplus.gov/childdevelopment.html,licence: Public domain (U.S. Government work; health-topic summaries); fetched 2026-09-02
mlp_en_bedwetting,MedlinePlus,MedlinePlus (U.S. National Library of Medicine),Child Development,2025,en,desarrollo,hoja_padres,https://medlineplus.gov/bedwetting.html,licence: Public domain (U.S. Government work; health-topic summaries); fetched 2026-09-02
mlp_en_childsafety,MedlinePlus,MedlinePlus (U.S. National Library of Medicine),Child Safety,2018,en,accidentes,hoja_padres,https://medlineplus.gov/childsafety.html,licence: Public domain (U.S. Government work; health-topic summaries); fetched 2026-09-02
mlp_en_childhoodvaccines,MedlinePlus,MedlinePlus (U.S. National Library of Medicine),Childhood Vaccines,2024,en,vacunas,hoja_padres,https://medlineplus.gov/childhoodvaccines.html,licence: Public domain (U.S. Government work; health-topic summaries); fetched 2026-09-11
mlp_en_childrenshealth,MedlinePlus,MedlinePlus (U.S. National Library of Medicine),Children's Health,2024,en,crianza,hoja_padres,https://medlineplus.gov/childrenshealth.html,licence: Public domain (U.S. Government work; health-topic summaries); fetched 2026-09-02
mlp_en_choking,MedlinePlus,MedlinePlus (U.S. National Library of Medicine),Choking,2024,en,accidentes,hoja_padres,https://medlineplus.gov/choking.html,licence: Public domain (U.S. Government work; health-topic summaries); fetched 2026-09-02
mlp_en_commoncold,MedlinePlus,MedlinePlus (U.S. National Library of Medicine),Common Cold,2022,en,respiratorio,hoja_padres,https://medlineplus.gov/commoncold.html,licence: Public domain (U.S. Government work; health-topic summaries); fetched 2026-09-02
mlp_en_concussion,MedlinePlus,MedlinePlus (U.S. National Library of Medicine),Concussion,2025,en,accidentes,hoja_padres,https://medlineplus.gov/concussion.html,licence: Public domain (U.S. Government work; health-topic summaries); fetched 2026-09-02
mlp_en_constipation,MedlinePlus,MedlinePlus (U.S. National Library of Medicine),Constipation,2025,en,digestivo,hoja_padres,https://medlineplus.gov/constipation.html,licence: Public domain (U.S. Government work; health-topic summaries); fetched 2026-09-02
mlp_en_cough,MedlinePlus,MedlinePlus (U.S. National Library of Medicine),Cough,2025,en,respiratorio,hoja_padres,https://medlineplus.gov/cough.html,licence: Public domain (U.S. Government work; health-topic summaries); fetched 2026-09-02
mlp_en_croup,MedlinePlus,MedlinePlus (U.S. National Library of Medicine),Croup,2026,en,respiratorio,hoja_padres,https://medlineplus.gov/croup.html,licence: Public domain (U.S. Government work; health-topic summaries); fetched 2026-09-02
mlp_es_croup,MedlinePlus,MedlinePlus (U.S. National Library of Medicine),Crup,,es,respiratorio,hoja_padres,https://medlineplus.gov/spanish/croup.html,licence: Public domain (U.S. Government work; health-topic summaries); fetched 2026-09-02
mlp_es_infantandnewborncare,MedlinePlus,MedlinePlus (U.S. National Library of Medicine),Cuidado del recién nacido y del bebé,,es,recien_nacido,hoja_padres,https://medlineplus.gov/spanish/infantandnewborncare.html,licence: Public domain (U.S. Government work; health-topic summaries); fetched 2026-09-02
mlp_en_dehydration,MedlinePlus,MedlinePlus (U.S. National Library of Medicine),Dehydration,2023,en,digestivo,hoja_padres,https://medlineplus.gov/dehydration.html,licence: Public domain (U.S. Government work; health-topic summaries); fetched 2026-09-02
mlp_es_dehydration,MedlinePlus,MedlinePlus (U.S. National Library of Medicine),Deshidratación,,es,digestivo,hoja_padres,https://medlineplus.gov/spanish/dehydration.html,licence: Public domain (U.S. Government work; health-topic summaries); fetched 2026-09-02
mlp_es_diarrhea,MedlinePlus,MedlinePlus (U.S. National Library of Medicine),Diarrea,,es,digestivo,hoja_padres,https://medlineplus.gov/spanish/diarrhea.html,licence: Public domain (U.S. Government work; health-topic summaries); fetched 2026-09-02
mlp_en_diarrhea,MedlinePlus,MedlinePlus (U.S. National Library of Medicine),Diarrhea,2025,en,digestivo,hoja_padres,https://medlineplus.gov/diarrhea.html,licence: Public domain (U.S. Government work; health-topic summaries); fetched 2026-09-02
mlp_en_earinfections,MedlinePlus,MedlinePlus (U.S. National Library of Medicine),Ear Infections,2025,en,orl,hoja_padres,https://medlineplus.gov/earinfections.html,licence: Public domain (U.S. Government work; health-topic summaries); fetched 2026-09-02
mlp_en_eatingdisorders,MedlinePlus,MedlinePlus (U.S. National Library of Medicine),Eating Disorders,2024,en,salud_mental,hoja_padres,https://medlineplus.gov/eatingdisorders.html,licence: Public domain (U.S. Government work; health-topic summaries); fetched 2026-09-02
mlp_es_eczema,MedlinePlus,MedlinePlus (U.S. National Library of Medicine),Eccema,,es,piel,hoja_padres,https://medlineplus.gov/spanish/eczema.html,licence: Public domain (U.S. Government work; health-topic summaries); fetched 2026-09-21
mlp_en_eczema,MedlinePlus,MedlinePlus (U.S. National Library of Medicine),Eczema,2025,en,piel,hoja_padres,https://medlineplus.gov/eczema.html,licence: Public domain (U.S. Government work; health-topic summaries); fetched 2026-09-02
mlp_es_heatillness,MedlinePlus,MedlinePlus (U.S. National Library of Medicine),Enfermedades causadas por el calor,,es,accidentes,hoja_padres,https://medlineplus.gov/spanish/heatillness.html,licence: Public domain (U.S. Government work; health-topic summaries); fetched 2026-09-02
mlp_es_poisoning,MedlinePlus,MedlinePlus (U.S. National Library of Medicine),Envenenamiento,,es,intoxicacion,hoja_padres,https://medlineplus.gov/spanish/poisoning.html,licence: Public domain (U.S. Government work; health-topic summaries); fetched 2026-09-02
mlp_en_fainting,MedlinePlus,MedlinePlus (U.S. National Library of Medicine),Fainting,2025,en,neurologia,hoja_padres,https://medlineplus.gov/fainting.html,licence: Public domain (U.S. Government work; health-topic summaries); fetched 2026-09-02
mlp_en_fever,MedlinePlus,MedlinePlus (U.S. National Library of Medicine),Fever,2025,en,fiebre,hoja_padres,https://medlineplus.gov/fever.html,licence: Public domain (U.S. Government work; health-topic summaries); fetched 2026-09-02
mlp_es_fever,MedlinePlus,MedlinePlus (U.S. National Library of Medicine),Fiebre,,es,fiebre,hoja_padres,https://medlineplus.gov/spanish/fever.html,licence: Public domain (U.S. Government work; health-topic summaries); fetched 2026-09-02
mlp_en_foodallergy,MedlinePlus,MedlinePlus (U.S. National Library of Medicine),Food Allergy,2025,en,alergia,hoja_padres,https://medlineplus.gov/foodallergy.html,licence: Public domain (U.S. Government work; health-topic summaries); fetched 2026-09-02
mlp_en_gastroenteritis,MedlinePlus,MedlinePlus (U.S. National Library of Medicine),Gastroenteritis,2022,en,digestivo,hoja_padres,https://medlineplus.gov/gastroenteritis.html,licence: Public domain (U.S. Government work; health-topic summaries); fetched 2026-09-02
mlp_es_gastroenteritis,MedlinePlus,MedlinePlus (U.S. National Library of Medicine),Gastroenteritis,,es,digestivo,hoja_padres,https://medlineplus.gov/spanish/gastroenteritis.html,licence: Public domain (U.S. Government work; health-topic summaries); fetched 2026-09-02
mlp_en_headinjuries,MedlinePlus,MedlinePlus (U.S. National Library of Medicine),Head Injuries,2024,en,accidentes,hoja_padres,https://medlineplus.gov/headinjuries.html,licence: Public domain (U.S. Government work; health-topic summaries); fetched 2026-09-02
mlp_en_headlice,MedlinePlus,MedlinePlus (U.S. National Library of Medicine),Head Lice,2025,en,piel,hoja_padres,https://medlineplus.gov/headlice.html,licence: Public domain (U.S. Government work; health-topic summaries); fetched 2026-09-02
mlp_en_headache,MedlinePlus,MedlinePlus (U.S. National Library of Medicine),Headache,2025,en,neurologia,hoja_padres,https://medlineplus.gov/headache.html,licence: Public domain (U.S. Government work; health-topic summaries); fetched 2026-09-02
mlp_en_heatillness,MedlinePlus,MedlinePlus (U.S. National Library of Medicine),Heat Illness,2024,en,accidentes,hoja_padres,https://medlineplus.gov/heatillness.html,licence: Public domain (U.S. Government work; health-topic summaries); fetched 2026-09-02
mlp_en_impetigo,MedlinePlus,MedlinePlus (U.S. National Library of Medicine),Impetigo,2025,en,piel,hoja_padres,https://medlineplus.gov/impetigo.html,licence: Public domain (U.S. Government work; health-topic summaries); fetched 2026-09-02
mlp_en_infantandnewborncare,MedlinePlus,MedlinePlus (U.S. National Library of Medicine),Infant and Newborn Care,2024,en,recien_nacido,hoja_padres,https://medlineplus.gov/infantandnewborncare.html,licence: Public domain (U.S. Government work; health-topic summaries); fetched 2026-09-02
mlp_en_infantandnewbornnutrition,MedlinePlus,MedlinePlus (U.S. National Library of Medicine),Infant and Newborn Nutrition,2023,en,alimentacion,hoja_padres,https://medlineplus.gov/infantandnewbornnutrition.html,licence: Public domain (U.S. Government work; health-topic summaries); fetched 2026-09-02
mlp_es_earinfections,MedlinePlus,MedlinePlus (U.S. National Library of Medicine),Infecciones de los oídos,,es,orl,hoja_padres,https://medlineplus.gov/spanish/earinfections.html,licence: Public domain (U.S. Government work; health-topic summaries); fetched 2026-09-02
mlp_en_insectbitesandstings,MedlinePlus,MedlinePlus (U.S. National Library of Medicine),Insect Bites and Stings,2026,en,piel,hoja_padres,https://medlineplus.gov/insectbitesandstings.html,licence: Public domain (U.S. Government work; health-topic summaries); fetched 2026-09-02
mlp_es_drugreactions,MedlinePlus,MedlinePlus (U.S. National Library of Medicine),Interacciones y efectos secundarios de los medicamentos,,es,alergia,hoja_padres,https://medlineplus.gov/spanish/drugreactions.html,licence: Public domain (U.S. Government work; health-topic summaries); fetched 2026-09-21
mlp_es_breastfeeding,MedlinePlus,MedlinePlus (U.S. National Library of Medicine),Lactancia,,es,alimentacion,hoja_padres,https://medlineplus.gov/spanish/breastfeeding.html,licence: Public domain (U.S. Government work; health-topic summaries); fetched 2026-09-02
mlp_es_headinjuries,MedlinePlus,MedlinePlus (U.S. National Library of Medicine),Lesiones en la cabeza,,es,accidentes,hoja_padres,https://medlineplus.gov/spanish/headinjuries.html,licence: Public domain (U.S. Government work; health-topic summaries); fetched 2026-09-02
mlp_en_measles,MedlinePlus,MedlinePlus (U.S. National Library of Medicine),Measles,2025,en,piel,hoja_padres,https://medlineplus.gov/measles.html,licence: Public domain (U.S. Government work; health-topic summaries); fetched 2026-09-02
mlp_en_meningitis,MedlinePlus,MedlinePlus (U.S. National Library of Medicine),Meningitis,2025,en,urgencias,hoja_padres,https://medlineplus.gov/meningitis.html,licence: Public domain (U.S. Government work; health-topic summaries); fetched 2026-09-02
mlp_es_meningitis,MedlinePlus,MedlinePlus (U.S. National Library of Medicine),Meningitis,,es,urgencias,hoja_padres,https://medlineplus.gov/spanish/meningitis.html,licence: Public domain (U.S. Government work; health-topic summaries); fetched 2026-09-02
mlp_es_infantandnewbornnutrition,MedlinePlus,MedlinePlus (U.S. National Library of Medicine),Nutrición del bebé y del recién nacido,,es,alimentacion,hoja_padres,https://medlineplus.gov/spanish/infantandnewbornnutrition.html,licence: Public domain (U.S. Government work; health-topic summaries); fetched 2026-09-02
mlp_en_pinkeye,MedlinePlus,MedlinePlus (U.S. National Library of Medicine),Pink Eye,2017,en,general,hoja_padres,https://medlineplus.gov/pinkeye.html,licence: Public domain (U.S. Government work; health-topic summaries); fetched 2026-09-02
mlp_en_pinworms,MedlinePlus,MedlinePlus (U.S. National Library of Medicine),Pinworms,2024,en,digestivo,hoja_padres,https://medlineplus.gov/pinworms.html,licence: Public domain (U.S. Government work; health-topic summaries); fetched 2026-09-02
mlp_en_pneumonia,MedlinePlus,MedlinePlus (U.S. National Library of Medicine),Pneumonia,2023,en,respiratorio,hoja_padres,https://medlineplus.gov/pneumonia.html,licence: Public domain (U.S. Government work; health-topic summaries); fetched 2026-09-02
mlp_en_poisoning,MedlinePlus,MedlinePlus (U.S. National Library of Medicine),Poisoning,2018,en,intoxicacion,hoja_padres,https://medlineplus.gov/poisoning.html,licence: Public domain (U.S. Government work; health-topic summaries); fetched 2026-09-02
mlp_es_burns,MedlinePlus,MedlinePlus (U.S. National Library of Medicine),Quemaduras,,es,accidentes,hoja_padres,https://medlineplus.gov/spanish/burns.html,licence: Public domain (U.S. Government work; health-topic summaries); fetched 2026-09-02
mlp_en_rashes,MedlinePlus,MedlinePlus (U.S. National Library of Medicine),Rashes,2025,en,piel,hoja_padres,https://medlineplus.gov/rashes.html,licence: Public domain (U.S. Government work; health-topic summaries); fetched 2026-09-02
mlp_es_commoncold,MedlinePlus,MedlinePlus (U.S. National Library of Medicine),Resfrío,,es,respiratorio,hoja_padres,https://medlineplus.gov/spanish/commoncold.html,licence: Public domain (U.S. Government work; health-topic summaries); fetched 2026-09-02
mlp_es_hayfever,MedlinePlus,MedlinePlus (U.S. National Library of Medicine),Rinitis alérgica,,es,alergia,hoja_padres,https://medlineplus.gov/spanish/hayfever.html,licence: Public domain (U.S. Government work; health-topic summaries); fetched 2026-09-21
mlp_es_childrenshealth,MedlinePlus,MedlinePlus (U.S. National Library of Medicine),Salud del niño,,es,crianza,hoja_padres,https://medlineplus.gov/spanish/childrenshealth.html,licence: Public domain (U.S. Government work; health-topic summaries); fetched 2026-09-02
mlp_es_toddlerhealth,MedlinePlus,MedlinePlus (U.S. National Library of Medicine),Salud del niño pequeño,,es,crianza,hoja_padres,https://medlineplus.gov/spanish/toddlerhealth.html,licence: Public domain (U.S. Government work; health-topic summaries); fetched 2026-09-02
mlp_es_teenmentalhealth,MedlinePlus,MedlinePlus (U.S. National Library of Medicine),Salud mental del adolescente,,es,salud_mental,hoja_padres,https://medlineplus.gov/spanish/teenmentalhealth.html,licence: Public domain (U.S. Government work; health-topic summaries); fetched 2026-09-02
mlp_es_measles,MedlinePlus,MedlinePlus (U.S. National Library of Medicine),Sarampión,,es,piel,hoja_padres,https://medlineplus.gov/spanish/measles.html,licence: Public domain (U.S. Government work; health-topic summaries); fetched 2026-09-02
mlp_es_childsafety,MedlinePlus,MedlinePlus (U.S. National Library of Medicine),Seguridad del niño,,es,accidentes,hoja_padres,https://medlineplus.gov/spanish/childsafety.html,licence: Public domain (U.S. Government work; health-topic summaries); fetched 2026-09-02
mlp_en_seizures,MedlinePlus,MedlinePlus (U.S. National Library of Medicine),Seizures,2017,en,neurologia,hoja_padres,https://medlineplus.gov/seizures.html,licence: Public domain (U.S. Government work; health-topic summaries); fetched 2026-09-02
mlp_en_selfharm,MedlinePlus,MedlinePlus (U.S. National Library of Medicine),Self-Harm,2026,en,salud_mental,hoja_padres,https://medlineplus.gov/selfharm.html,licence: Public domain (U.S. Government work; health-topic summaries); fetched 2026-09-02
mlp_en_sorethroat,MedlinePlus,MedlinePlus (U.S. National Library of Medicine),Sore Throat,2025,en,orl,hoja_padres,https://medlineplus.gov/sorethroat.html,licence: Public domain (U.S. Government work; health-topic summaries); fetched 2026-09-02
mlp_en_suicide,MedlinePlus,MedlinePlus (U.S. National Library of Medicine),Suicide,2024,en,salud_mental,hoja_padres,https://medlineplus.gov/suicide.html,licence: Public domain (U.S. Government work; health-topic summaries); fetched 2026-09-02
mlp_en_sunexposure,MedlinePlus,MedlinePlus (U.S. National Library of Medicine),Sun Exposure,2026,en,piel,hoja_padres,https://medlineplus.gov/sunexposure.html,licence: Public domain (U.S. Government work; health-topic summaries); fetched 2026-09-02
mlp_en_teenmentalhealth,MedlinePlus,MedlinePlus (U.S. National Library of Medicine),Teen Mental Health,2024,en,salud_mental,hoja_padres,https://medlineplus.gov/teenmentalhealth.html,licence: Public domain (U.S. Government work; health-topic summaries); fetched 2026-09-02
mlp_en_toddlerhealth,MedlinePlus,MedlinePlus (U.S. National Library of Medicine),Toddler Health,2023,en,crianza,hoja_padres,https://medlineplus.gov/toddlerhealth.html,licence: Public domain (U.S. Government work; health-topic summaries); fetched 2026-09-02
mlp_en_urinarytractinfections,MedlinePlus,MedlinePlus (U.S. National Library of Medicine),Urinary Tract Infections,2025,en,general,hoja_padres,https://medlineplus.gov/urinarytractinfections.html,licence: Public domain (U.S. Government work; health-topic summaries); fetched 2026-09-02
mlp_es_hives,MedlinePlus,MedlinePlus (U.S. National Library of Medicine),Urticaria,,es,alergia,hoja_padres,https://medlineplus.gov/spanish/hives.html,licence: Public domain (U.S. Government work; health-topic summaries); fetched 2026-09-21
mlp_es_childhoodvaccines,MedlinePlus,MedlinePlus (U.S. National Library of Medicine),Vacunas para los niños,,es,vacunas,hoja_padres,https://medlineplus.gov/spanish/childhoodvaccines.html,licence: Public domain (U.S. Government work; health-topic summaries); fetched 2026-09-11
mlp_es_chickenpox,MedlinePlus,MedlinePlus (U.S. National Library of Medicine),Varicela,,es,piel,hoja_padres,https://medlineplus.gov/spanish/chickenpox.html,licence: Public domain (U.S. Government work; health-topic summaries); fetched 2026-09-02
mlp_en_whoopingcough,MedlinePlus,MedlinePlus (U.S. National Library of Medicine),Whooping Cough,2024,en,respiratorio,hoja_padres,https://medlineplus.gov/whoopingcough.html,licence: Public domain (U.S. Government work; health-topic summaries); fetched 2026-09-02
msan_calendario_vacunacion_2025,Ministerio de Sanidad,Ministerio de Sanidad (España) — Consejo Interterritorial del SNS,Calendario común de vacunación e inmunización a lo largo de toda la vida. Calendario recomendado año 2025,2025,es,vacunas,calendario,,
govbr_pt_aedes_aegypti,Ministério da Saúde,Ministério da Saúde (Brasil),Aedes aegypti,,pt,fiebre,hoja_padres,https://www.gov.br/saude/pt-br/assuntos/saude-de-a-a-z/aedes-aegypti,"licence: CC BY-ND 3.0 (Atribuição-SemDerivações, Não Adaptada); fetched 2026-09-11"
govbr_pt_caxumba,Ministério da Saúde,Ministério da Saúde (Brasil),Caxumba,,pt,general,hoja_padres,https://www.gov.br/saude/pt-br/assuntos/saude-de-a-a-z/caxumba,"licence: CC BY-ND 3.0 (Atribuição-SemDerivações, Não Adaptada); fetched 2026-09-11"
govbr_pt_chikungunya,Ministério da Saúde,Ministério da Saúde (Brasil),Chikungunya,,pt,fiebre,hoja_padres,https://www.gov.br/saude/pt-br/assuntos/saude-de-a-a-z/chikungunya,"licence: CC BY-ND 3.0 (Atribuição-SemDerivações, Não Adaptada); fetched 2026-09-11"
govbr_pt_coqueluche,Ministério da Saúde,Ministério da Saúde (Brasil),Coqueluche,,pt,respiratorio,hoja_padres,https://www.gov.br/saude/pt-br/assuntos/saude-de-a-a-z/coqueluche,"licence: CC BY-ND 3.0 (Atribuição-SemDerivações, Não Adaptada); fetched 2026-09-11"
govbr_pt_dengue,Ministério da Saúde,Ministério da Saúde (Brasil),Dengue,,pt,fiebre,hoja_padres,https://www.gov.br/saude/pt-br/assuntos/saude-de-a-a-z/dengue,"licence: CC BY-ND 3.0 (Atribuição-SemDerivações, Não Adaptada); fetched 2026-09-11"
govbr_pt_febre_amarela,Ministério da Saúde,Ministério da Saúde (Brasil),Febre amarela,,pt,fiebre,hoja_padres,https://www.gov.br/saude/pt-br/assuntos/saude-de-a-a-z/febre-amarela,"licence: CC BY-ND 3.0 (Atribuição-SemDerivações, Não Adaptada); fetched 2026-09-11"
govbr_pt_hepatites_virais,Ministério da Saúde,Ministério da Saúde (Brasil),Hepatites Virais,,pt,digestivo,hoja_padres,https://www.gov.br/saude/pt-br/assuntos/saude-de-a-a-z/hepatites-virais,"licence: CC BY-ND 3.0 (Atribuição-SemDerivações, Não Adaptada); fetched 2026-09-11"
govbr_pt_meningite,Ministério da Saúde,Ministério da Saúde (Brasil),Meningite,,pt,neurologia,hoja_padres,https://www.gov.br/saude/pt-br/assuntos/saude-de-a-a-z/meningite,"licence: CC BY-ND 3.0 (Atribuição-SemDerivações, Não Adaptada); fetched 2026-09-11"
govbr_pt_poliomielite,Ministério da Saúde,Ministério da Saúde (Brasil),Poliomielite,,pt,vacunas,hoja_padres,https://www.gov.br/saude/pt-br/assuntos/saude-de-a-a-z/poliomielite,"licence: CC BY-ND 3.0 (Atribuição-SemDerivações, Não Adaptada); fetched 2026-09-11"
govbr_pt_raiva,Ministério da Saúde,Ministério da Saúde (Brasil),Raiva,,pt,accidentes,hoja_padres,https://www.gov.br/saude/pt-br/assuntos/saude-de-a-a-z/raiva,"licence: CC BY-ND 3.0 (Atribuição-SemDerivações, Não Adaptada); fetched 2026-09-11"
govbr_pt_rubeola,Ministério da Saúde,Ministério da Saúde (Brasil),Rubéola,,pt,piel,hoja_padres,https://www.gov.br/saude/pt-br/assuntos/saude-de-a-a-z/rubeola,"licence: CC BY-ND 3.0 (Atribuição-SemDerivações, Não Adaptada); fetched 2026-09-11"
govbr_pt_sarampo,Ministério da Saúde,Ministério da Saúde (Brasil),Sarampo,,pt,piel,hoja_padres,https://www.gov.br/saude/pt-br/assuntos/saude-de-a-a-z/sarampo,"licence: CC BY-ND 3.0 (Atribuição-SemDerivações, Não Adaptada); fetched 2026-09-11"
govbr_pt_tuberculose,Ministério da Saúde,Ministério da Saúde (Brasil),Tuberculose,,pt,respiratorio,hoja_padres,https://www.gov.br/saude/pt-br/assuntos/saude-de-a-a-z/tuberculose,"licence: CC BY-ND 3.0 (Atribuição-SemDerivações, Não Adaptada); fetched 2026-09-11"
govbr_pt_vacinacao,Ministério da Saúde,Ministério da Saúde (Brasil),Vacinação,,pt,vacunas,hoja_padres,https://www.gov.br/saude/pt-br/assuntos/saude-de-a-a-z/vacinacao,"licence: CC BY-ND 3.0 (Atribuição-SemDerivações, Não Adaptada); fetched 2026-09-11"
nhm_in_hbnc_guidelines,NHM,"National Health Mission, Ministry of Health & Family Welfare, Government of India",Home-Based Newborn Care — operational guidelines (revised 2014),2014,en,recien_nacido,guia_clinica,,
nhm_in_imnci_chart_booklet,NHM,"National Health Mission, Ministry of Health & Family Welfare, Government of India",IMNCI chart booklet — Integrated Management of Neonatal and Childhood Illness,2023,en,urgencias,guia_clinica,,
nhs_en_allergic_rhinitis,NHS,"NHS (National Health Service, England)",Allergic rhinitis,2026,en,alergia,hoja_padres,https://www.nhs.uk/conditions/allergic-rhinitis/,licence: Open Government Licence v3.0; fetched 2026-09-21
nhs_en_allergies,NHS,"NHS (National Health Service, England)",Allergies,2026,en,alergia,hoja_padres,https://www.nhs.uk/conditions/allergies/,licence: Open Government Licence v3.0; fetched 2026-09-21
nhs_en_anaphylaxis,NHS,"NHS (National Health Service, England)",Anaphylaxis,2023,en,alergia,hoja_padres,https://www.nhs.uk/conditions/anaphylaxis/,licence: Open Government Licence v3.0; fetched 2026-09-02
nhs_en_asthma,NHS,"NHS (National Health Service, England)",Asthma,2024,en,respiratorio,hoja_padres,https://www.nhs.uk/conditions/asthma/,licence: Open Government Licence v3.0; fetched 2026-09-02
nhs_en_atopic_eczema,NHS,"NHS (National Health Service, England)",Atopic eczema,2024,en,piel,hoja_padres,https://www.nhs.uk/conditions/atopic-eczema/,licence: Open Government Licence v3.0; fetched 2026-09-21
nhs_en_baby_teething_symptoms,NHS,"NHS (National Health Service, England)",Baby teething symptoms,2026,en,lactante,hoja_padres,https://www.nhs.uk/baby/babys-development/teething/baby-teething-symptoms/,licence: Open Government Licence v3.0; fetched 2026-09-02
nhs_en_bedwetting,NHS,"NHS (National Health Service, England)",Bedwetting in children,2023,en,desarrollo,hoja_padres,https://www.nhs.uk/symptoms/bedwetting/,licence: Open Government Licence v3.0; fetched 2026-09-02
nhs_en_broken_arm_or_wrist,NHS,"NHS (National Health Service, England)",Broken arm or wrist,2023,en,accidentes,hoja_padres,https://www.nhs.uk/conditions/broken-arm-or-wrist/,licence: Open Government Licence v3.0; fetched 2026-09-21
nhs_en_broken_finger,NHS,"NHS (National Health Service, England)",Broken finger or thumb,2025,en,accidentes,hoja_padres,https://www.nhs.uk/conditions/broken-finger/,licence: Open Government Licence v3.0; fetched 2026-09-21
nhs_en_bronchiolitis,NHS,"NHS (National Health Service, England)",Bronchiolitis,2026,en,respiratorio,hoja_padres,https://www.nhs.uk/conditions/bronchiolitis/,licence: Open Government Licence v3.0; fetched 2026-09-02
nhs_en_burns_and_scalds,NHS,"NHS (National Health Service, England)",Burns and scalds,2026,en,accidentes,hoja_padres,https://www.nhs.uk/conditions/burns-and-scalds/,licence: Open Government Licence v3.0; fetched 2026-09-02
nhs_en_caring_for_a_newborn,NHS,"NHS (National Health Service, England)",Caring for a newborn baby,,en,recien_nacido,hoja_padres,https://www.nhs.uk/baby/caring-for-a-newborn/,licence: Open Government Licence v3.0; fetched 2026-09-02
nhs_en_chickenpox,NHS,"NHS (National Health Service, England)",Chickenpox,2025,en,piel,hoja_padres,https://www.nhs.uk/conditions/chickenpox/,licence: Open Government Licence v3.0; fetched 2026-09-02
nhs_en_colic,NHS,"NHS (National Health Service, England)",Colic,2022,en,lactante,hoja_padres,https://www.nhs.uk/conditions/colic/,licence: Open Government Licence v3.0; fetched 2026-09-02
nhs_en_conjunctivitis,NHS,"NHS (National Health Service, England)",Conjunctivitis,2024,en,general,hoja_padres,https://www.nhs.uk/conditions/conjunctivitis/,licence: Open Government Licence v3.0; fetched 2026-09-02
nhs_en_constipation,NHS,"NHS (National Health Service, England)",Constipation,2026,en,digestivo,hoja_padres,https://www.nhs.uk/conditions/constipation/,licence: Open Government Licence v3.0; fetched 2026-09-02
nhs_en_cradle_cap,NHS,"NHS (National Health Service, England)",Cradle cap,2025,en,piel,hoja_padres,https://www.nhs.uk/conditions/cradle-cap/,licence: Open Government Licence v3.0; fetched 2026-09-02
nhs_en_croup,NHS,"NHS (National Health Service, England)",Croup,2025,en,respiratorio,hoja_padres,https://www.nhs.uk/conditions/croup/,licence: Open Government Licence v3.0; fetched 2026-09-02
nhs_en_dehydration,NHS,"NHS (National Health Service, England)",Dehydration,2026,en,digestivo,hoja_padres,https://www.nhs.uk/conditions/dehydration/,licence: Open Government Licence v3.0; fetched 2026-09-02
nhs_en_diarrhoea_and_vomiting,NHS,"NHS (National Health Service, England)",Diarrhoea and vomiting,2023,en,digestivo,hoja_padres,https://www.nhs.uk/symptoms/diarrhoea-and-vomiting/,licence: Open Government Licence v3.0; fetched 2026-09-02
nhs_en_ear_infections,NHS,"NHS (National Health Service, England)",Ear infections,2025,en,orl,hoja_padres,https://www.nhs.uk/conditions/ear-infections/,licence: Open Government Licence v3.0; fetched 2026-09-02
nhs_en_eye_injuries,NHS,"NHS (National Health Service, England)",Eye injuries,2026,en,accidentes,hoja_padres,https://www.nhs.uk/conditions/eye-injuries/,licence: Open Government Licence v3.0; fetched 2026-09-21
nhs_en_febrile_seizures,NHS,"NHS (National Health Service, England)",Febrile seizures,2023,en,neurologia,hoja_padres,https://www.nhs.uk/conditions/febrile-seizures/,licence: Open Government Licence v3.0; fetched 2026-09-02
nhs_en_flu,NHS,"NHS (National Health Service, England)",Flu,2026,en,respiratorio,hoja_padres,https://www.nhs.uk/conditions/flu/,licence: Open Government Licence v3.0; fetched 2026-09-02
nhs_en_food_allergies_in_babies_and_young_children,NHS,"NHS (National Health Service, England)",Food allergies in babies and young children,2024,en,alergia,hoja_padres,https://www.nhs.uk/baby/weaning-and-feeding/food-allergies-in-babies-and-young-children/,licence: Open Government Licence v3.0; fetched 2026-09-21
nhs_en_food_allergy,NHS,"NHS (National Health Service, England)",Food allergy,2026,en,alergia,hoja_padres,https://www.nhs.uk/conditions/food-allergy/,licence: Open Government Licence v3.0; fetched 2026-09-02
nhs_en_foods_to_avoid_giving_babies_and_young_children,NHS,"NHS (National Health Service, England)",Foods to avoid giving babies and young children,2026,en,alimentacion,hoja_padres,https://www.nhs.uk/baby/weaning-and-feeding/foods-to-avoid-giving-babies-and-young-children/,licence: Open Government Licence v3.0; fetched 2026-09-21
nhs_en_glue_ear,NHS,"NHS (National Health Service, England)",Glue ear,2024,en,orl,hoja_padres,https://www.nhs.uk/conditions/glue-ear/,licence: Open Government Licence v3.0; fetched 2026-09-02
nhs_en_growing_pains,NHS,"NHS (National Health Service, England)",Growing pains,2026,en,general,hoja_padres,https://www.nhs.uk/conditions/growing-pains/,licence: Open Government Licence v3.0; fetched 2026-09-02
nhs_en_hair_loss,NHS,"NHS (National Health Service, England)",Hair loss,2024,en,piel,hoja_padres,https://www.nhs.uk/symptoms/hair-loss/,licence: Open Government Licence v3.0; fetched 2026-09-21
nhs_en_hand_foot_mouth_disease,NHS,"NHS (National Health Service, England)","Hand, foot and mouth disease",2024,en,piel,hoja_padres,https://www.nhs.uk/conditions/hand-foot-mouth-disease/,licence: Open Government Licence v3.0; fetched 2026-09-02
nhs_en_hay_fever,NHS,"NHS (National Health Service, England)",Hay fever,2025,en,alergia,hoja_padres,https://www.nhs.uk/conditions/hay-fever/,licence: Open Government Licence v3.0; fetched 2026-09-21
nhs_en_head_injury_and_concussion,NHS,"NHS (National Health Service, England)",Head injury and concussion,2025,en,accidentes,hoja_padres,https://www.nhs.uk/conditions/head-injury-and-concussion/,licence: Open Government Licence v3.0; fetched 2026-09-02
nhs_en_head_lice_and_nits,NHS,"NHS (National Health Service, England)",Head lice and nits,2024,en,piel,hoja_padres,https://www.nhs.uk/conditions/head-lice-and-nits/,licence: Open Government Licence v3.0; fetched 2026-09-02
nhs_en_headaches_in_children,NHS,"NHS (National Health Service, England)",Headaches,2024,en,neurologia,hoja_padres,https://www.nhs.uk/conditions/headaches-in-children/,licence: Open Government Licence v3.0; fetched 2026-09-02
nhs_en_heat_exhaustion_heatstroke,NHS,"NHS (National Health Service, England)",Heat exhaustion and heatstroke,2026,en,accidentes,hoja_padres,https://www.nhs.uk/conditions/heat-exhaustion-heatstroke/,licence: Open Government Licence v3.0; fetched 2026-09-02
nhs_en_helping_your_baby_to_sleep,NHS,"NHS (National Health Service, England)",Helping your baby to sleep,2025,en,desarrollo,hoja_padres,https://www.nhs.uk/baby/caring-for-a-newborn/helping-your-baby-to-sleep/,licence: Open Government Licence v3.0; fetched 2026-09-16
nhs_en_fever_in_children,NHS,"NHS (National Health Service, England)",High temperature (fever) in children,2025,en,fiebre,hoja_padres,https://www.nhs.uk/symptoms/fever-in-children/,licence: Open Government Licence v3.0; fetched 2026-09-02
nhs_en_hives,NHS,"NHS (National Health Service, England)",Hives,2024,en,piel,hoja_padres,https://www.nhs.uk/conditions/hives/,licence: Open Government Licence v3.0; fetched 2026-09-02
nhs_en_how_to_change_your_babys_nappy,NHS,"NHS (National Health Service, England)",How to change your baby's nappy,2025,en,recien_nacido,hoja_padres,https://www.nhs.uk/baby/caring-for-a-newborn/how-to-change-your-babys-nappy/,licence: Open Government Licence v3.0; fetched 2026-09-16
nhs_en_ibuprofen_for_children,NHS,"NHS (National Health Service, England)","Ibuprofen for children - Brand names: Nurofen for Children, Calprofen, Brufen",,en,medicamentos,hoja_padres,https://www.nhs.uk/medicines/ibuprofen-for-children/,licence: Open Government Licence v3.0; fetched 2026-09-02
nhs_en_about_ibuprofen_for_children,NHS,"NHS (National Health Service, England)",Ibuprofen for children - Common brand: Nurofen for children,2025,en,medicamentos,hoja_padres,https://www.nhs.uk/medicines/ibuprofen-for-children/about-ibuprofen-for-children/,licence: Open Government Licence v3.0; fetched 2026-09-16
nhs_en_who_can_and_cannot_take_ibuprofen_for_children,NHS,"NHS (National Health Service, England)",Ibuprofen for children - Common brand: Nurofen for children,2025,en,medicamentos,hoja_padres,https://www.nhs.uk/medicines/ibuprofen-for-children/who-can-and-cannot-take-ibuprofen-for-children/,licence: Open Government Licence v3.0; fetched 2026-09-16
nhs_en_how_and_when_to_give_ibuprofen_for_children,NHS,"NHS (National Health Service, England)",Ibuprofen for children - Common brand: Nurofen for children,2025,en,medicamentos,hoja_padres,https://www.nhs.uk/medicines/ibuprofen-for-children/how-and-when-to-give-ibuprofen-for-children/,licence: Open Government Licence v3.0; fetched 2026-09-16
nhs_en_side_effects_of_ibuprofen_for_children,NHS,"NHS (National Health Service, England)",Ibuprofen for children - Common brand: Nurofen for children,2025,en,medicamentos,hoja_padres,https://www.nhs.uk/medicines/ibuprofen-for-children/side-effects-of-ibuprofen-for-children/,licence: Open Government Licence v3.0; fetched 2026-09-16
nhs_en_taking_ibuprofen_for_children_with_other_medicines_and_herbal_s,NHS,"NHS (National Health Service, England)",Ibuprofen for children - Common brand: Nurofen for children,2025,en,medicamentos,hoja_padres,https://www.nhs.uk/medicines/ibuprofen-for-children/taking-ibuprofen-for-children-with-other-medicines-and-herbal-supplements/,licence: Open Government Licence v3.0; fetched 2026-09-16
nhs_en_common_questions_about_ibuprofen_for_children,NHS,"NHS (National Health Service, England)",Ibuprofen for children - Common brand: Nurofen for children,2025,en,medicamentos,hoja_padres,https://www.nhs.uk/medicines/ibuprofen-for-children/common-questions-about-ibuprofen-for-children/,licence: Open Government Licence v3.0; fetched 2026-09-16
nhs_en_impetigo,NHS,"NHS (National Health Service, England)",Impetigo,2024,en,piel,hoja_padres,https://www.nhs.uk/conditions/impetigo/,licence: Open Government Licence v3.0; fetched 2026-09-02
nhs_en_insect_bites_and_stings,NHS,"NHS (National Health Service, England)",Insect bites and stings,2023,en,piel,hoja_padres,https://www.nhs.uk/conditions/insect-bites-and-stings/,licence: Open Government Licence v3.0; fetched 2026-09-02
nhs_en_jaundice_in_babies,NHS,"NHS (National Health Service, England)",Jaundice in babies,2026,en,recien_nacido,hoja_padres,https://www.nhs.uk/conditions/jaundice-in-babies/,licence: Open Government Licence v3.0; fetched 2026-09-13
nhs_en_measles,NHS,"NHS (National Health Service, England)",Measles,2025,en,piel,hoja_padres,https://www.nhs.uk/conditions/measles/,licence: Open Government Licence v3.0; fetched 2026-09-02
nhs_en_meningitis,NHS,"NHS (National Health Service, England)",Meningitis,2026,en,urgencias,hoja_padres,https://www.nhs.uk/conditions/meningitis/,licence: Open Government Licence v3.0; fetched 2026-09-02
nhs_en_molluscum_contagiosum,NHS,"NHS (National Health Service, England)",Molluscum contagiosum,2026,en,piel,hoja_padres,https://www.nhs.uk/conditions/molluscum-contagiosum/,licence: Open Government Licence v3.0; fetched 2026-09-02
nhs_en_mumps,NHS,"NHS (National Health Service, England)",Mumps,2025,en,general,hoja_padres,https://www.nhs.uk/conditions/mumps/,licence: Open Government Licence v3.0; fetched 2026-09-02
nhs_en_nhs_vaccinations_and_when_to_have_them,NHS,"NHS (National Health Service, England)",NHS vaccinations and when to have them,2023,en,vacunas,hoja_padres,https://www.nhs.uk/vaccinations/nhs-vaccinations-and-when-to-have-them/,licence: Open Government Licence v3.0; fetched 2026-09-02
nhs_en_nappy_rash,NHS,"NHS (National Health Service, England)",Nappy rash,2026,en,piel,hoja_padres,https://www.nhs.uk/baby/caring-for-a-newborn/nappy-rash/,licence: Open Government Licence v3.0; fetched 2026-09-16
nhs_en_norovirus,NHS,"NHS (National Health Service, England)",Norovirus (vomiting bug),2024,en,digestivo,hoja_padres,https://www.nhs.uk/conditions/norovirus/,licence: Open Government Licence v3.0; fetched 2026-09-02
nhs_en_nosebleed,NHS,"NHS (National Health Service, England)",Nosebleed,2026,en,accidentes,hoja_padres,https://www.nhs.uk/conditions/nosebleed/,licence: Open Government Licence v3.0; fetched 2026-09-02
nhs_en_paracetamol_for_children,NHS,"NHS (National Health Service, England)",Paracetamol for children (Calpol) - Other common brands: Panadol,2025,en,medicamentos,hoja_padres,https://www.nhs.uk/medicines/paracetamol-for-children/,licence: Open Government Licence v3.0; fetched 2026-09-02
nhs_en_pneumonia,NHS,"NHS (National Health Service, England)",Pneumonia,2026,en,respiratorio,hoja_padres,https://www.nhs.uk/conditions/pneumonia/,licence: Open Government Licence v3.0; fetched 2026-09-02
nhs_en_poisoning,NHS,"NHS (National Health Service, England)",Poisoning,2025,en,intoxicacion,hoja_padres,https://www.nhs.uk/conditions/poisoning/,licence: Open Government Licence v3.0; fetched 2026-09-02
nhs_en_rashes_babies_and_children,NHS,"NHS (National Health Service, England)",Rashes in babies and children,2024,en,piel,hoja_padres,https://www.nhs.uk/symptoms/rashes-babies-and-children/,licence: Open Government Licence v3.0; fetched 2026-09-02
nhs_en_reflux_in_babies,NHS,"NHS (National Health Service, England)",Reflux in babies,2025,en,lactante,hoja_padres,https://www.nhs.uk/conditions/reflux-in-babies/,licence: Open Government Licence v3.0; fetched 2026-09-02
nhs_en_respiratory_syncytial_virus_rsv,NHS,"NHS (National Health Service, England)",Respiratory syncytial virus (RSV),2024,en,respiratorio,hoja_padres,https://www.nhs.uk/conditions/respiratory-syncytial-virus-rsv/,licence: Open Government Licence v3.0; fetched 2026-09-02
nhs_en_ringworm,NHS,"NHS (National Health Service, England)",Ringworm,2023,en,piel,hoja_padres,https://www.nhs.uk/conditions/ringworm/,licence: Open Government Licence v3.0; fetched 2026-09-21
nhs_en_roseola,NHS,"NHS (National Health Service, England)",Roseola,2023,en,piel,hoja_padres,https://www.nhs.uk/conditions/roseola/,licence: Open Government Licence v3.0; fetched 2026-09-02
nhs_en_scarlet_fever,NHS,"NHS (National Health Service, England)",Scarlet fever,2024,en,piel,hoja_padres,https://www.nhs.uk/conditions/scarlet-fever/,licence: Open Government Licence v3.0; fetched 2026-09-02
nhs_en_sepsis,NHS,"NHS (National Health Service, England)",Sepsis,2024,en,urgencias,hoja_padres,https://www.nhs.uk/conditions/sepsis/,licence: Open Government Licence v3.0; fetched 2026-09-02
nhs_en_slapped_cheek_syndrome,NHS,"NHS (National Health Service, England)",Slapped cheek syndrome,2024,en,piel,hoja_padres,https://www.nhs.uk/conditions/slapped-cheek-syndrome/,licence: Open Government Licence v3.0; fetched 2026-09-02
nhs_en_soothing_a_crying_baby,NHS,"NHS (National Health Service, England)",Soothing a crying baby,2026,en,lactante,hoja_padres,https://www.nhs.uk/baby/caring-for-a-newborn/soothing-a-crying-baby/,licence: Open Government Licence v3.0; fetched 2026-09-16
nhs_en_sore_throat,NHS,"NHS (National Health Service, England)",Sore throat,2023,en,orl,hoja_padres,https://www.nhs.uk/symptoms/sore-throat/,licence: Open Government Licence v3.0; fetched 2026-09-02
nhs_en_sprains_and_strains,NHS,"NHS (National Health Service, England)",Sprains and strains,2024,en,accidentes,hoja_padres,https://www.nhs.uk/conditions/sprains-and-strains/,licence: Open Government Licence v3.0; fetched 2026-09-21
nhs_en_sudden_infant_death_syndrome_sids,NHS,"NHS (National Health Service, England)",Sudden infant death syndrome (SIDS),2025,en,recien_nacido,hoja_padres,https://www.nhs.uk/baby/caring-for-a-newborn/sudden-infant-death-syndrome-sids/,licence: Open Government Licence v3.0; fetched 2026-09-16
nhs_en_sunburn,NHS,"NHS (National Health Service, England)",Sunburn,2025,en,piel,hoja_padres,https://www.nhs.uk/conditions/sunburn/,licence: Open Government Licence v3.0; fetched 2026-09-02
nhs_en_threadworms,NHS,"NHS (National Health Service, England)",Threadworms,2023,en,digestivo,hoja_padres,https://www.nhs.uk/conditions/threadworms/,licence: Open Government Licence v3.0; fetched 2026-09-02
nhs_en_tonsillitis,NHS,"NHS (National Health Service, England)",Tonsillitis,2024,en,orl,hoja_padres,https://www.nhs.uk/conditions/tonsillitis/,licence: Open Government Licence v3.0; fetched 2026-09-02
nhs_en_urinary_tract_infections_utis,NHS,"NHS (National Health Service, England)",Urinary tract infections (UTIs),2025,en,general,hoja_padres,https://www.nhs.uk/conditions/urinary-tract-infections-utis/,licence: Open Government Licence v3.0; fetched 2026-09-02
nhs_en_washing_and_bathing_your_baby,NHS,"NHS (National Health Service, England)",Washing and bathing your baby,2025,en,crianza,hoja_padres,https://www.nhs.uk/baby/caring-for-a-newborn/washing-and-bathing-your-baby/,licence: Open Government Licence v3.0; fetched 2026-09-16
nhs_en_watering_eyes,NHS,"NHS (National Health Service, England)",Watering eyes,2024,en,general,hoja_padres,https://www.nhs.uk/symptoms/watering-eyes/,licence: Open Government Licence v3.0; fetched 2026-09-21
nhs_en_whooping_cough,NHS,"NHS (National Health Service, England)",Whooping cough,2025,en,respiratorio,hoja_padres,https://www.nhs.uk/conditions/whooping-cough/,licence: Open Government Licence v3.0; fetched 2026-09-02
nhs_en_babys_first_solid_foods,NHS,"NHS (National Health Service, England)",Your baby's first solid foods,2026,en,alimentacion,hoja_padres,https://www.nhs.uk/baby/weaning-and-feeding/babys-first-solid-foods/,licence: Open Government Licence v3.0; fetched 2026-09-02
nhs_en_baby_height_and_weight,NHS,"NHS (National Health Service, England)",Your baby's weight and height,2023,en,desarrollo,hoja_padres,https://www.nhs.uk/baby/babys-development/height-weight-and-reviews/baby-height-and-weight/,licence: Open Government Licence v3.0; fetched 2026-09-13
nhsrc_in_asha_young_child_care,NHSRC,"National Health Systems Resource Centre, Ministry of Health & Family Welfare, Government of India",Handbook for ASHA on Home Based Care for Young Child,2021,en,auto,manual,,
puc_manual_pediatria,PUC Chile,Pontificia Universidad Católica de Chile — Escuela de Medicina,Manual de Pediatría,,es,auto,manual,,
rki_de_ratgeber_adenovirus_konjunktivitis,RKI,Robert Koch-Institut (Deutschland),Adenovirus-Konjunktivitis,,de,general,hoja_padres,https://www.rki.de/DE/Aktuelles/Publikationen/RKI-Ratgeber/Ratgeber/Ratgeber_Adenovirus_Konjunktivitis.html,"licence: Unveränderte Wiedergabe mit korrekter Quellenangabe erlaubt; kommerzielle Nutzung und Bearbeitung nur mit Zustimmung (Impressum, rki.de); fetched 2026-09-02"
rki_de_ratgeber_covid_19,RKI,Robert Koch-Institut (Deutschland),COVID-19,,de,respiratorio,hoja_padres,https://www.rki.de/DE/Aktuelles/Publikationen/RKI-Ratgeber/Ratgeber/Ratgeber_COVID-19.html,"licence: Unveränderte Wiedergabe mit korrekter Quellenangabe erlaubt; kommerzielle Nutzung und Bearbeitung nur mit Zustimmung (Impressum, rki.de); fetched 2026-09-02"
rki_de_ratgeber_campylobacter,RKI,Robert Koch-Institut (Deutschland),Campylobacter-Enteritis,,de,digestivo,hoja_padres,https://www.rki.de/DE/Aktuelles/Publikationen/RKI-Ratgeber/Ratgeber/Ratgeber_Campylobacter.html,"licence: Unveränderte Wiedergabe mit korrekter Quellenangabe erlaubt; kommerzielle Nutzung und Bearbeitung nur mit Zustimmung (Impressum, rki.de); fetched 2026-09-02"
rki_de_ratgeber_diphtherie,RKI,Robert Koch-Institut (Deutschland),Diphtherie,,de,respiratorio,hoja_padres,https://www.rki.de/DE/Aktuelles/Publikationen/RKI-Ratgeber/Ratgeber/Ratgeber_Diphtherie.html,"licence: Unveränderte Wiedergabe mit korrekter Quellenangabe erlaubt; kommerzielle Nutzung und Bearbeitung nur mit Zustimmung (Impressum, rki.de); fetched 2026-09-02"
rki_de_ratgeber_ehec,RKI,Robert Koch-Institut (Deutschland),EHEC-Erkrankung,,de,digestivo,hoja_padres,https://www.rki.de/DE/Aktuelles/Publikationen/RKI-Ratgeber/Ratgeber/Ratgeber_EHEC.html,"licence: Unveränderte Wiedergabe mit korrekter Quellenangabe erlaubt; kommerzielle Nutzung und Bearbeitung nur mit Zustimmung (Impressum, rki.de); fetched 2026-09-02"
rki_de_ratgeber_fsme,RKI,Robert Koch-Institut (Deutschland),"Frühsommer-Meningo­enzephalitis (FSME) und verwandte Virus­enzephalitiden (TBE, tick-borne encephalitis)",,de,general,hoja_padres,https://www.rki.de/DE/Aktuelles/Publikationen/RKI-Ratgeber/Ratgeber/Ratgeber_FSME.html,"licence: Unveränderte Wiedergabe mit korrekter Quellenangabe erlaubt; kommerzielle Nutzung und Bearbeitung nur mit Zustimmung (Impressum, rki.de); fetched 2026-09-02"
rki_de_ratgeber_haemophilusinfluenzae,RKI,Robert Koch-Institut (Deutschland),"Haemophilus influenzae , invasive Infektion",,de,respiratorio,hoja_padres,https://www.rki.de/DE/Aktuelles/Publikationen/RKI-Ratgeber/Ratgeber/Ratgeber_HaemophilusInfluenzae.html,"licence: Unveränderte Wiedergabe mit korrekter Quellenangabe erlaubt; kommerzielle Nutzung und Bearbeitung nur mit Zustimmung (Impressum, rki.de); fetched 2026-09-02"
rki_de_ratgeber_hfmk,RKI,Robert Koch-Institut (Deutschland),Hand-Fuß-Mund-Krankheit (HFMK),,de,piel,hoja_padres,https://www.rki.de/DE/Aktuelles/Publikationen/RKI-Ratgeber/Ratgeber/Ratgeber_HFMK.html,"licence: Unveränderte Wiedergabe mit korrekter Quellenangabe erlaubt; kommerzielle Nutzung und Bearbeitung nur mit Zustimmung (Impressum, rki.de); fetched 2026-09-02"
rki_de_ratgeber_hepatitisa,RKI,Robert Koch-Institut (Deutschland),Hepatitis A,,de,digestivo,hoja_padres,https://www.rki.de/DE/Aktuelles/Publikationen/RKI-Ratgeber/Ratgeber/Ratgeber_HepatitisA.html,"licence: Unveränderte Wiedergabe mit korrekter Quellenangabe erlaubt; kommerzielle Nutzung und Bearbeitung nur mit Zustimmung (Impressum, rki.de); fetched 2026-09-02"
rki_de_ratgeber_influenza_saisonal,RKI,Robert Koch-Institut (Deutschland),Influenza (Teil 1): Erkrankungen durch saisonale Influenzaviren,,de,respiratorio,hoja_padres,https://www.rki.de/DE/Aktuelles/Publikationen/RKI-Ratgeber/Ratgeber/Ratgeber_Influenza_saisonal.html,"licence: Unveränderte Wiedergabe mit korrekter Quellenangabe erlaubt; kommerzielle Nutzung und Bearbeitung nur mit Zustimmung (Impressum, rki.de); fetched 2026-09-02"
rki_de_ratgeber_pertussis,RKI,Robert Koch-Institut (Deutschland),Keuchhusten (Pertussis),,de,respiratorio,hoja_padres,https://www.rki.de/DE/Aktuelles/Publikationen/RKI-Ratgeber/Ratgeber/Ratgeber_Pertussis.html,"licence: Unveränderte Wiedergabe mit korrekter Quellenangabe erlaubt; kommerzielle Nutzung und Bearbeitung nur mit Zustimmung (Impressum, rki.de); fetched 2026-09-02"
rki_de_ratgeber_kopflausbefall,RKI,Robert Koch-Institut (Deutschland),Kopflausbefall,,de,piel,hoja_padres,https://www.rki.de/DE/Aktuelles/Publikationen/RKI-Ratgeber/Ratgeber/Ratgeber_Kopflausbefall.html,"licence: Unveränderte Wiedergabe mit korrekter Quellenangabe erlaubt; kommerzielle Nutzung und Bearbeitung nur mit Zustimmung (Impressum, rki.de); fetched 2026-09-02"
rki_de_ratgeber_lymeborreliose,RKI,Robert Koch-Institut (Deutschland),Lyme-Borreliose,,de,piel,hoja_padres,https://www.rki.de/DE/Aktuelles/Publikationen/RKI-Ratgeber/Ratgeber/Ratgeber_LymeBorreliose.html,"licence: Unveränderte Wiedergabe mit korrekter Quellenangabe erlaubt; kommerzielle Nutzung und Bearbeitung nur mit Zustimmung (Impressum, rki.de); fetched 2026-09-02"
rki_de_ratgeber_masern,RKI,Robert Koch-Institut (Deutschland),Masern,,de,piel,hoja_padres,https://www.rki.de/DE/Aktuelles/Publikationen/RKI-Ratgeber/Ratgeber/Ratgeber_Masern.html,"licence: Unveränderte Wiedergabe mit korrekter Quellenangabe erlaubt; kommerzielle Nutzung und Bearbeitung nur mit Zustimmung (Impressum, rki.de); fetched 2026-09-02"
rki_de_ratgeber_meningokokken,RKI,Robert Koch-Institut (Deutschland),"Meningokokken, invasive Erkrankungen (Neisseria meningitidis)",,de,general,hoja_padres,https://www.rki.de/DE/Aktuelles/Publikationen/RKI-Ratgeber/Ratgeber/Ratgeber_Meningokokken.html,"licence: Unveränderte Wiedergabe mit korrekter Quellenangabe erlaubt; kommerzielle Nutzung und Bearbeitung nur mit Zustimmung (Impressum, rki.de); fetched 2026-09-02"
rki_de_ratgeber_mumps,RKI,Robert Koch-Institut (Deutschland),Mumps,,de,general,hoja_padres,https://www.rki.de/DE/Aktuelles/Publikationen/RKI-Ratgeber/Ratgeber/Ratgeber_Mumps.html,"licence: Unveränderte Wiedergabe mit korrekter Quellenangabe erlaubt; kommerzielle Nutzung und Bearbeitung nur mit Zustimmung (Impressum, rki.de); fetched 2026-09-02"
rki_de_ratgeber_noroviren,RKI,Robert Koch-Institut (Deutschland),Norovirus-Gastro­enteritis,,de,digestivo,hoja_padres,https://www.rki.de/DE/Aktuelles/Publikationen/RKI-Ratgeber/Ratgeber/Ratgeber_Noroviren.html,"licence: Unveränderte Wiedergabe mit korrekter Quellenangabe erlaubt; kommerzielle Nutzung und Bearbeitung nur mit Zustimmung (Impressum, rki.de); fetched 2026-09-02"
rki_de_ratgeber_pneumokokken,RKI,Robert Koch-Institut (Deutschland),"Pneumokokken, invasive Infektion",,de,respiratorio,hoja_padres,https://www.rki.de/DE/Aktuelles/Publikationen/RKI-Ratgeber/Ratgeber/Ratgeber_Pneumokokken.html,"licence: Unveränderte Wiedergabe mit korrekter Quellenangabe erlaubt; kommerzielle Nutzung und Bearbeitung nur mit Zustimmung (Impressum, rki.de); fetched 2026-09-02"
rki_de_ratgeber_poliomyelitis,RKI,Robert Koch-Institut (Deutschland),Poliomyelitis,,de,general,hoja_padres,https://www.rki.de/DE/Aktuelles/Publikationen/RKI-Ratgeber/Ratgeber/Ratgeber_Poliomyelitis.html,"licence: Unveränderte Wiedergabe mit korrekter Quellenangabe erlaubt; kommerzielle Nutzung und Bearbeitung nur mit Zustimmung (Impressum, rki.de); fetched 2026-09-02"
rki_de_ratgeber_rsv,RKI,Robert Koch-Institut (Deutschland),RSV -Infektionen,,de,respiratorio,hoja_padres,https://www.rki.de/DE/Aktuelles/Publikationen/RKI-Ratgeber/Ratgeber/Ratgeber_RSV.html,"licence: Unveränderte Wiedergabe mit korrekter Quellenangabe erlaubt; kommerzielle Nutzung und Bearbeitung nur mit Zustimmung (Impressum, rki.de); fetched 2026-09-02"
rki_de_ratgeber_rotaviren,RKI,Robert Koch-Institut (Deutschland),Rotaviren-Gastro­enteritis,,de,digestivo,hoja_padres,https://www.rki.de/DE/Aktuelles/Publikationen/RKI-Ratgeber/Ratgeber/Ratgeber_Rotaviren.html,"licence: Unveränderte Wiedergabe mit korrekter Quellenangabe erlaubt; kommerzielle Nutzung und Bearbeitung nur mit Zustimmung (Impressum, rki.de); fetched 2026-09-02"
rki_de_ratgeber_roeteln,RKI,Robert Koch-Institut (Deutschland),Röteln,,de,piel,hoja_padres,https://www.rki.de/DE/Aktuelles/Publikationen/RKI-Ratgeber/Ratgeber/Ratgeber_Roeteln.html,"licence: Unveränderte Wiedergabe mit korrekter Quellenangabe erlaubt; kommerzielle Nutzung und Bearbeitung nur mit Zustimmung (Impressum, rki.de); fetched 2026-09-02"
rki_de_ratgeber_salmonellose,RKI,Robert Koch-Institut (Deutschland),Salmonellose,,de,digestivo,hoja_padres,https://www.rki.de/DE/Aktuelles/Publikationen/RKI-Ratgeber/Ratgeber/Ratgeber_Salmonellose.html,"licence: Unveränderte Wiedergabe mit korrekter Quellenangabe erlaubt; kommerzielle Nutzung und Bearbeitung nur mit Zustimmung (Impressum, rki.de); fetched 2026-09-02"
rki_de_ratgeber_skabies,RKI,Robert Koch-Institut (Deutschland),Skabies (Krätze),,de,piel,hoja_padres,https://www.rki.de/DE/Aktuelles/Publikationen/RKI-Ratgeber/Ratgeber/Ratgeber_Skabies.html,"licence: Unveränderte Wiedergabe mit korrekter Quellenangabe erlaubt; kommerzielle Nutzung und Bearbeitung nur mit Zustimmung (Impressum, rki.de); fetched 2026-09-02"
rki_de_ratgeber_streptococcus_pyogenes,RKI,Robert Koch-Institut (Deutschland),Streptococcus pyogenes -Infektionen,,de,general,hoja_padres,https://www.rki.de/DE/Aktuelles/Publikationen/RKI-Ratgeber/Ratgeber/Ratgeber_Streptococcus_pyogenes.html,"licence: Unveränderte Wiedergabe mit korrekter Quellenangabe erlaubt; kommerzielle Nutzung und Bearbeitung nur mit Zustimmung (Impressum, rki.de); fetched 2026-09-02"
rki_de_ratgeber_tetanus,RKI,Robert Koch-Institut (Deutschland),Tetanus,,de,accidentes,hoja_padres,https://www.rki.de/DE/Aktuelles/Publikationen/RKI-Ratgeber/Ratgeber/Ratgeber_Tetanus.html,"licence: Unveränderte Wiedergabe mit korrekter Quellenangabe erlaubt; kommerzielle Nutzung und Bearbeitung nur mit Zustimmung (Impressum, rki.de); fetched 2026-09-02"
rki_de_ratgeber_toxoplasmose,RKI,Robert Koch-Institut (Deutschland),Toxoplasmose,,de,general,hoja_padres,https://www.rki.de/DE/Aktuelles/Publikationen/RKI-Ratgeber/Ratgeber/Ratgeber_Toxoplasmose.html,"licence: Unveränderte Wiedergabe mit korrekter Quellenangabe erlaubt; kommerzielle Nutzung und Bearbeitung nur mit Zustimmung (Impressum, rki.de); fetched 2026-09-02"
rki_de_ratgeber_tuberkulose,RKI,Robert Koch-Institut (Deutschland),Tuberkulose,,de,respiratorio,hoja_padres,https://www.rki.de/DE/Aktuelles/Publikationen/RKI-Ratgeber/Ratgeber/Ratgeber_Tuberkulose.html,"licence: Unveränderte Wiedergabe mit korrekter Quellenangabe erlaubt; kommerzielle Nutzung und Bearbeitung nur mit Zustimmung (Impressum, rki.de); fetched 2026-09-02"
rki_de_ratgeber_varizellen,RKI,Robert Koch-Institut (Deutschland),"Windpocken (Varizellen), Gürtelrose (Herpes zoster)",,de,piel,hoja_padres,https://www.rki.de/DE/Aktuelles/Publikationen/RKI-Ratgeber/Ratgeber/Ratgeber_Varizellen.html,"licence: Unveränderte Wiedergabe mit korrekter Quellenangabe erlaubt; kommerzielle Nutzung und Bearbeitung nur mit Zustimmung (Impressum, rki.de); fetched 2026-09-02"
rki_de_ratgeber_zytomegalievirus,RKI,Robert Koch-Institut (Deutschland),Zytomegalie­virus-Infektion,,de,general,hoja_padres,https://www.rki.de/DE/Aktuelles/Publikationen/RKI-Ratgeber/Ratgeber/Ratgeber_Zytomegalievirus.html,"licence: Unveränderte Wiedergabe mit korrekter Quellenangabe erlaubt; kommerzielle Nutzung und Bearbeitung nur mit Zustimmung (Impressum, rki.de); fetched 2026-09-02"
seup_toxicos_8_no,SEUP,Sociedad Española de Urgencias de Pediatría (Grupo de Trabajo de Intoxicaciones),8 acciones que NO hay que hacer ante un paciente pediátrico que ha contactado con una sustancia potencialmente tóxica,2020,es,intoxicacion,hoja_padres,,
seup_alteraciones_conductuales,SEUP,Sociedad Española de Urgencias de Pediatría,Alteraciones conductuales. Información para padres,2025,es,salud_mental,hoja_padres,,
seup_anafilaxia,SEUP,Sociedad Española de Urgencias de Pediatría,Anafilaxia. Información para padres,2025,es,alergia,hoja_padres,,
seup_ansiedad,SEUP,Sociedad Española de Urgencias de Pediatría,Ansiedad. Información para padres,2025,es,salud_mental,hoja_padres,,
seup_bronquiolitis,SEUP,Sociedad Española de Urgencias de Pediatría,Bronquiolitis. Información para padres,2025,es,respiratorio,hoja_padres,,
seup_catarro,SEUP,Sociedad Española de Urgencias de Pediatría,Catarro de vías altas. Información para padres,2025,es,respiratorio,hoja_padres,,
seup_cefalea,SEUP,Sociedad Española de Urgencias de Pediatría,Cefalea. Información para padres,2025,es,neurologia,hoja_padres,,
seup_autolesion,SEUP,Sociedad Española de Urgencias de Pediatría,Conducta autolesiva no suicida. Información para padres,2025,es,salud_mental,hoja_padres,,
seup_conducta_suicida,SEUP,Sociedad Española de Urgencias de Pediatría,Conducta suicida. Información para padres,2025,es,salud_mental,hoja_padres,,
seup_convulsion_febril,SEUP,Sociedad Española de Urgencias de Pediatría,Convulsión febril. Información para padres,2025,es,neurologia,hoja_padres,,
seup_crisis_asma,SEUP,Sociedad Española de Urgencias de Pediatría,Crisis asmática. Información para padres,2025,es,respiratorio,hoja_padres,,
seup_colico,SEUP,Sociedad Española de Urgencias de Pediatría,Cólico del lactante. Información para padres,2025,es,lactante,hoja_padres,,
seup_dolor_abdominal,SEUP,Sociedad Española de Urgencias de Pediatría,Dolor abdominal. Información para padres,2025,es,digestivo,hoja_padres,,
seup_espasmos_sollozo,SEUP,Sociedad Española de Urgencias de Pediatría,Espasmos del sollozo. Información para padres,2025,es,neurologia,hoja_padres,,
seup_estrenimiento,SEUP,Sociedad Española de Urgencias de Pediatría,Estreñimiento. Información para padres,2025,es,digestivo,hoja_padres,,
seup_fiebre,SEUP,Sociedad Española de Urgencias de Pediatría,Fiebre. Información para padres,2025,es,fiebre,hoja_padres,https://seup.org/wp-content/uploads/2025/05/15_Fiebre.pdf,
seup_gastroenteritis,SEUP,Sociedad Española de Urgencias de Pediatría,Gastroenteritis aguda. Información para padres,2025,es,digestivo,hoja_padres,,
seup_golpe_calor,SEUP,Sociedad Española de Urgencias de Pediatría,Golpe de calor. Información para padres,2025,es,accidentes,hoja_padres,,
seup_intoxicaciones,SEUP,Sociedad Española de Urgencias de Pediatría,Intoxicaciones. Información para padres,2025,es,intoxicacion,hoja_padres,,
seup_laringitis,SEUP,Sociedad Española de Urgencias de Pediatría,Laringitis. Información para padres,2025,es,respiratorio,hoja_padres,,
seup_neumonia,SEUP,Sociedad Española de Urgencias de Pediatría,Neumonía. Información para padres,2025,es,respiratorio,hoja_padres,,
seup_otitis,SEUP,Sociedad Española de Urgencias de Pediatría,Otitis media aguda. Información para padres,2025,es,orl,hoja_padres,,
seup_sedoanalgesia,SEUP,Sociedad Española de Urgencias de Pediatría,Procedimientos de sedoanalgesia en urgencias. Información para padres,2025,es,urgencias,hoja_padres,,
seup_sincope,SEUP,Sociedad Española de Urgencias de Pediatría,Síncope. Información para padres,2025,es,neurologia,hoja_padres,,
seup_tca,SEUP,Sociedad Española de Urgencias de Pediatría,Trastornos de la conducta alimentaria. Información para padres,2025,es,salud_mental,hoja_padres,,
seup_tce,SEUP,Sociedad Española de Urgencias de Pediatría,Traumatismo craneal. Información para padres,2025,es,accidentes,hoja_padres,,
seup_urticaria,SEUP,Sociedad Española de Urgencias de Pediatría,Urticaria. Información para padres,2025,es,piel,hoja_padres,,
seup_vomitos,SEUP,Sociedad Española de Urgencias de Pediatría,Vómitos. Información para padres,2025,es,digestivo,hoja_padres,,
seup_acudir_urgencias,SEUP,Sociedad Española de Urgencias de Pediatría,¿Debo acudir a urgencias? Guía rápida para padres y cuidadores,2020,es,urgencias,hoja_padres,https://seup.org/pdf_public/pub/hojas_padres/acudir_urgencias.pdf,
who_es_drinking_water,WHO,World Health Organization,Agua para consumo humano,,es,digestivo,hoja_padres,https://www.who.int/es/news-room/fact-sheets/detail/drinking-water,licence: CC BY-NC-SA 3.0 IGO; fetched 2026-09-11
who_es_infant_and_young_child_feeding,WHO,World Health Organization,Alimentación del lactante y del niño pequeño,,es,alimentacion,hoja_padres,https://www.who.int/es/news-room/fact-sheets/detail/infant-and-young-child-feeding,licence: CC BY-NC-SA 3.0 IGO; fetched 2026-09-02
who_fr_infant_and_young_child_feeding,WHO,World Health Organization,Alimentation du nourrisson et du jeune enfant,,fr,alimentacion,hoja_padres,https://www.who.int/fr/news-room/fact-sheets/detail/infant-and-young-child-feeding,licence: CC BY-NC-SA 3.0 IGO; fetched 2026-09-02
who_en_anaemia,WHO,World Health Organization,Anaemia,,en,alimentacion,hoja_padres,https://www.who.int/news-room/fact-sheets/detail/anaemia,licence: CC BY-NC-SA 3.0 IGO; fetched 2026-09-11
who_es_anaemia,WHO,World Health Organization,Anemia,,es,alimentacion,hoja_padres,https://www.who.int/es/news-room/fact-sheets/detail/anaemia,licence: CC BY-NC-SA 3.0 IGO; fetched 2026-09-11
who_es_sickle_cell_disease,WHO,World Health Organization,Anemia drepanocítica ‎,,es,general,hoja_padres,https://www.who.int/es/news-room/fact-sheets/detail/sickle-cell-disease,licence: CC BY-NC-SA 3.0 IGO; fetched 2026-09-12
who_fr_anaemia,WHO,World Health Organization,Anémie,,fr,alimentacion,hoja_padres,https://www.who.int/fr/news-room/fact-sheets/detail/anaemia,licence: CC BY-NC-SA 3.0 IGO; fetched 2026-09-11
who_es_asthma,WHO,World Health Organization,Asma,,es,respiratorio,hoja_padres,https://www.who.int/es/news-room/fact-sheets/detail/asthma,licence: CC BY-NC-SA 3.0 IGO; fetched 2026-09-11
who_en_asthma,WHO,World Health Organization,Asthma,,en,respiratorio,hoja_padres,https://www.who.int/news-room/fact-sheets/detail/asthma,licence: CC BY-NC-SA 3.0 IGO; fetched 2026-09-11
who_fr_asthma,WHO,World Health Organization,Asthme,,fr,respiratorio,hoja_padres,https://www.who.int/fr/news-room/fact-sheets/detail/asthma,licence: CC BY-NC-SA 3.0 IGO; fetched 2026-09-11
who_en_autism_spectrum_disorders,WHO,World Health Organization,Autism,,en,desarrollo,hoja_padres,https://www.who.int/news-room/fact-sheets/detail/autism-spectrum-disorders,licence: CC BY-NC-SA 3.0 IGO; fetched 2026-09-11
who_autism_report,WHO,World Health Organization,Autism spectrum disorders & other developmental disorders: from raising awareness to building capacity (meeting report),2013,en,desarrollo,informe,,"CC BY-NC-SA 3.0 IGO; informe de reunión, no reproducible en artículos (licencia resuelta 26-ago-2026)"
who_fr_autism_spectrum_disorders,WHO,World Health Organization,Autisme,,fr,desarrollo,hoja_padres,https://www.who.int/fr/news-room/fact-sheets/detail/autism-spectrum-disorders,licence: CC BY-NC-SA 3.0 IGO; fetched 2026-09-11
who_es_autism_spectrum_disorders,WHO,World Health Organization,Autismo,,es,desarrollo,hoja_padres,https://www.who.int/es/news-room/fact-sheets/detail/autism-spectrum-disorders,licence: CC BY-NC-SA 3.0 IGO; fetched 2026-09-11
who_en_blindness_and_visual_impairment,WHO,World Health Organization,Blindness and vision impairment,,en,ojos,hoja_padres,https://www.who.int/news-room/fact-sheets/detail/blindness-and-visual-impairment,licence: CC BY-NC-SA 3.0 IGO; fetched 2026-09-12
who_en_child_growth_standards,WHO,World Health Organization,Child growth standards,,en,desarrollo,hoja_padres,https://www.who.int/news-room/questions-and-answers/item/child-growth-standards,licence: CC BY-NC-SA 3.0 IGO; fetched 2026-09-13
who_en_child_maltreatment,WHO,World Health Organization,Child maltreatment,,en,salud_mental,hoja_padres,https://www.who.int/news-room/fact-sheets/detail/child-maltreatment,licence: CC BY-NC-SA 3.0 IGO; fetched 2026-09-12
who_en_cholera,WHO,World Health Organization,Cholera,,en,digestivo,hoja_padres,https://www.who.int/news-room/fact-sheets/detail/cholera,licence: CC BY-NC-SA 3.0 IGO; fetched 2026-09-18
who_fr_cholera,WHO,World Health Organization,Choléra,,fr,digestivo,hoja_padres,https://www.who.int/fr/news-room/fact-sheets/detail/cholera,licence: CC BY-NC-SA 3.0 IGO; fetched 2026-09-18
who_es_immunization_coverage,WHO,World Health Organization,Cobertura de la inmunización,,es,vacunas,hoja_padres,https://www.who.int/es/news-room/fact-sheets/detail/immunization-coverage,licence: CC BY-NC-SA 3.0 IGO; fetched 2026-09-02
who_es_household_air_pollution_and_health,WHO,World Health Organization,Contaminación del aire doméstico,,es,respiratorio,hoja_padres,https://www.who.int/es/news-room/fact-sheets/detail/household-air-pollution-and-health,licence: CC BY-NC-SA 3.0 IGO; fetched 2026-09-12
who_fr_immunization_coverage,WHO,World Health Organization,Couverture vaccinale,,fr,vacunas,hoja_padres,https://www.who.int/fr/news-room/fact-sheets/detail/immunization-coverage,licence: CC BY-NC-SA 3.0 IGO; fetched 2026-09-02
who_fr_blindness_and_visual_impairment,WHO,World Health Organization,Cécité et déficience visuelle,,fr,ojos,hoja_padres,https://www.who.int/fr/news-room/fact-sheets/detail/blindness-and-visual-impairment,licence: CC BY-NC-SA 3.0 IGO; fetched 2026-09-12
who_es_cholera,WHO,World Health Organization,Cólera,,es,digestivo,hoja_padres,https://www.who.int/es/news-room/fact-sheets/detail/cholera,licence: CC BY-NC-SA 3.0 IGO; fetched 2026-09-18
who_en_deafness_and_hearing_loss,WHO,World Health Organization,Deafness and hearing loss,,en,orl,hoja_padres,https://www.who.int/news-room/fact-sheets/detail/deafness-and-hearing-loss,licence: CC BY-NC-SA 3.0 IGO; fetched 2026-09-12
who_en_dengue_and_severe_dengue,WHO,World Health Organization,Dengue,,en,fiebre,hoja_padres,https://www.who.int/news-room/fact-sheets/detail/dengue-and-severe-dengue,licence: CC BY-NC-SA 3.0 IGO; fetched 2026-09-11
who_fr_dengue_and_severe_dengue,WHO,World Health Organization,Dengue et dengue sévère,,fr,fiebre,hoja_padres,https://www.who.int/fr/news-room/fact-sheets/detail/dengue-and-severe-dengue,licence: CC BY-NC-SA 3.0 IGO; fetched 2026-09-11
who_es_dengue_and_severe_dengue,WHO,World Health Organization,Dengue y dengue grave,,es,fiebre,hoja_padres,https://www.who.int/es/news-room/fact-sheets/detail/dengue-and-severe-dengue,licence: CC BY-NC-SA 3.0 IGO; fetched 2026-09-11
who_en_diarrhoeal_disease,WHO,World Health Organization,Diarrhoeal disease,,en,digestivo,hoja_padres,https://www.who.int/news-room/fact-sheets/detail/diarrhoeal-disease,licence: CC BY-NC-SA 3.0 IGO; fetched 2026-09-02
who_es_diphtheria,WHO,World Health Organization,Difteria,,es,vacunas,hoja_padres,https://www.who.int/es/news-room/fact-sheets/detail/diphtheria,licence: CC BY-NC-SA 3.0 IGO; fetched 2026-09-11
who_en_diphtheria,WHO,World Health Organization,Diphtheria,,en,vacunas,hoja_padres,https://www.who.int/news-room/fact-sheets/detail/diphtheria,licence: CC BY-NC-SA 3.0 IGO; fetched 2026-09-11
who_fr_diphtheria,WHO,World Health Organization,Diphtérie,,fr,vacunas,hoja_padres,https://www.who.int/fr/news-room/fact-sheets/detail/diphtheria,licence: CC BY-NC-SA 3.0 IGO; fetched 2026-09-11
who_es_blindness_and_visual_impairment,WHO,World Health Organization,Discapacidad visual y ceguera,,es,ojos,hoja_padres,https://www.who.int/es/news-room/fact-sheets/detail/blindness-and-visual-impairment,licence: CC BY-NC-SA 3.0 IGO; fetched 2026-09-12
who_en_drinking_water,WHO,World Health Organization,Drinking-water,,en,digestivo,hoja_padres,https://www.who.int/news-room/fact-sheets/detail/drinking-water,licence: CC BY-NC-SA 3.0 IGO; fetched 2026-09-11
who_fr_sickle_cell_disease,WHO,World Health Organization,Drépanocytose,,fr,general,hoja_padres,https://www.who.int/fr/news-room/fact-sheets/detail/sickle-cell-disease,licence: CC BY-NC-SA 3.0 IGO; fetched 2026-09-12
who_fr_drinking_water,WHO,World Health Organization,Eau potable,,fr,digestivo,hoja_padres,https://www.who.int/fr/news-room/fact-sheets/detail/drinking-water,licence: CC BY-NC-SA 3.0 IGO; fetched 2026-09-11
who_es_diarrhoeal_disease,WHO,World Health Organization,Enfermedades diarreicas,,es,digestivo,hoja_padres,https://www.who.int/es/news-room/fact-sheets/detail/diarrhoeal-disease,licence: CC BY-NC-SA 3.0 IGO; fetched 2026-09-02
who_es_snakebite_envenoming,WHO,World Health Organization,Envenenamiento por mordedura de serpiente,,es,accidentes,hoja_padres,https://www.who.int/es/news-room/fact-sheets/detail/snakebite-envenoming,licence: CC BY-NC-SA 3.0 IGO; fetched 2026-09-11
who_fr_snakebite_envenoming,WHO,World Health Organization,Envenimation par morsures de serpent,,fr,accidentes,hoja_padres,https://www.who.int/fr/news-room/fact-sheets/detail/snakebite-envenoming,licence: CC BY-NC-SA 3.0 IGO; fetched 2026-09-11
who_en_epilepsy,WHO,World Health Organization,Epilepsy,,en,neurologia,hoja_padres,https://www.who.int/news-room/fact-sheets/detail/epilepsy,licence: CC BY-NC-SA 3.0 IGO; fetched 2026-09-11
who_es_epilepsy,WHO,World Health Organization,Epilepsy,,es,neurologia,hoja_padres,https://www.who.int/es/news-room/fact-sheets/detail/epilepsy,licence: CC BY-NC-SA 3.0 IGO; fetched 2026-09-11
who_es_typhoid,WHO,World Health Organization,Fiebre tifoidea,,es,digestivo,hoja_padres,https://www.who.int/es/news-room/fact-sheets/detail/typhoid,licence: CC BY-NC-SA 3.0 IGO; fetched 2026-09-11
who_fr_typhoid,WHO,World Health Organization,Fièvre typhoïde,,fr,digestivo,hoja_padres,https://www.who.int/fr/news-room/fact-sheets/detail/typhoid,licence: CC BY-NC-SA 3.0 IGO; fetched 2026-09-11
who_en_food_safety,WHO,World Health Organization,Food safety,,en,digestivo,hoja_padres,https://www.who.int/news-room/fact-sheets/detail/food-safety,licence: CC BY-NC-SA 3.0 IGO; fetched 2026-09-11
who_fr_scabies,WHO,World Health Organization,Gale,,fr,piel,hoja_padres,https://www.who.int/fr/news-room/fact-sheets/detail/scabies,licence: CC BY-NC-SA 3.0 IGO; fetched 2026-09-11
who_es_soil_transmitted_helminth_infections,WHO,World Health Organization,Geohelmintiasis,,es,digestivo,hoja_padres,https://www.who.int/es/news-room/fact-sheets/detail/soil-transmitted-helminth-infections,licence: CC BY-NC-SA 3.0 IGO; fetched 2026-09-11
who_es_influenza_seasonal,WHO,World Health Organization,Gripe (estacional),,es,respiratorio,hoja_padres,https://www.who.int/es/news-room/fact-sheets/detail/influenza-(seasonal),licence: CC BY-NC-SA 3.0 IGO; fetched 2026-09-11
who_fr_influenza_seasonal,WHO,World Health Organization,Grippe saisonnière,,fr,respiratorio,hoja_padres,https://www.who.int/fr/news-room/fact-sheets/detail/influenza-(seasonal),licence: CC BY-NC-SA 3.0 IGO; fetched 2026-09-11
who_physical_activity_under5,WHO,World Health Organization,"Guidelines on physical activity, sedentary behaviour and sleep for children under 5 years of age",2019,en,desarrollo,guia_clinica,,
who_fr_soil_transmitted_helminth_infections,WHO,World Health Organization,Géohelminthiases,,fr,digestivo,hoja_padres,https://www.who.int/fr/news-room/fact-sheets/detail/soil-transmitted-helminth-infections,licence: CC BY-NC-SA 3.0 IGO; fetched 2026-09-11
who_en_hiv_aids,WHO,World Health Organization,HIV and AIDS,,en,general,hoja_padres,https://www.who.int/news-room/fact-sheets/detail/hiv-aids,licence: CC BY-NC-SA 3.0 IGO; fetched 2026-09-11
who_en_hepatitis_a,WHO,World Health Organization,Hepatitis A,,en,digestivo,hoja_padres,https://www.who.int/news-room/fact-sheets/detail/hepatitis-a,licence: CC BY-NC-SA 3.0 IGO; fetched 2026-09-11
who_es_hepatitis_a,WHO,World Health Organization,Hepatitis A,,es,digestivo,hoja_padres,https://www.who.int/es/news-room/fact-sheets/detail/hepatitis-a,licence: CC BY-NC-SA 3.0 IGO; fetched 2026-09-11
who_en_household_air_pollution_and_health,WHO,World Health Organization,Household air pollution,,en,respiratorio,hoja_padres,https://www.who.int/news-room/fact-sheets/detail/household-air-pollution-and-health,licence: CC BY-NC-SA 3.0 IGO; fetched 2026-09-12
who_fr_hepatitis_a,WHO,World Health Organization,Hépatite A,,fr,digestivo,hoja_padres,https://www.who.int/fr/news-room/fact-sheets/detail/hepatitis-a,licence: CC BY-NC-SA 3.0 IGO; fetched 2026-09-11
who_en_immunization_coverage,WHO,World Health Organization,Immunization coverage,,en,vacunas,hoja_padres,https://www.who.int/news-room/fact-sheets/detail/immunization-coverage,licence: CC BY-NC-SA 3.0 IGO; fetched 2026-09-02
who_en_infant_and_young_child_feeding,WHO,World Health Organization,Infant and young child feeding,,en,alimentacion,hoja_padres,https://www.who.int/news-room/fact-sheets/detail/infant-and-young-child-feeding,licence: CC BY-NC-SA 3.0 IGO; fetched 2026-09-02
who_en_influenza_seasonal,WHO,World Health Organization,Influenza (seasonal),,en,respiratorio,hoja_padres,https://www.who.int/news-room/fact-sheets/detail/influenza-(seasonal),licence: CC BY-NC-SA 3.0 IGO; fetched 2026-09-11
who_es_food_safety,WHO,World Health Organization,Inocuidad de los alimentos,,es,digestivo,hoja_padres,https://www.who.int/es/news-room/fact-sheets/detail/food-safety,licence: CC BY-NC-SA 3.0 IGO; fetched 2026-09-11
who_es_lead_poisoning_and_health,WHO,World Health Organization,Intoxicación por plomo,,es,intoxicacion,hoja_padres,https://www.who.int/es/news-room/fact-sheets/detail/lead-poisoning-and-health,licence: CC BY-NC-SA 3.0 IGO; fetched 2026-09-12
who_fr_lead_poisoning_and_health,WHO,World Health Organization,Intoxication au plomb,,fr,intoxicacion,hoja_padres,https://www.who.int/fr/news-room/fact-sheets/detail/lead-poisoning-and-health,licence: CC BY-NC-SA 3.0 IGO; fetched 2026-09-12
who_es_adolescent_mental_health,WHO,World Health Organization,La salud mental de los adolescentes,,es,salud_mental,hoja_padres,https://www.who.int/es/news-room/fact-sheets/detail/adolescent-mental-health,licence: CC BY-NC-SA 3.0 IGO; fetched 2026-09-02
who_en_lead_poisoning_and_health,WHO,World Health Organization,Lead poisoning,,en,intoxicacion,hoja_padres,https://www.who.int/news-room/fact-sheets/detail/lead-poisoning-and-health,licence: CC BY-NC-SA 3.0 IGO; fetched 2026-09-12
who_fr_diarrhoeal_disease,WHO,World Health Organization,Maladies diarréhiques,,fr,digestivo,hoja_padres,https://www.who.int/fr/news-room/fact-sheets/detail/diarrhoeal-disease,licence: CC BY-NC-SA 3.0 IGO; fetched 2026-09-02
who_en_malaria,WHO,World Health Organization,Malaria,,en,general,hoja_padres,https://www.who.int/news-room/fact-sheets/detail/malaria,licence: CC BY-NC-SA 3.0 IGO; fetched 2026-09-02
who_en_malnutrition,WHO,World Health Organization,Malnutrition,,en,alimentacion,hoja_padres,https://www.who.int/news-room/fact-sheets/detail/malnutrition,licence: CC BY-NC-SA 3.0 IGO; fetched 2026-09-02
who_fr_malnutrition,WHO,World Health Organization,Malnutrition,,fr,alimentacion,hoja_padres,https://www.who.int/fr/news-room/fact-sheets/detail/malnutrition,licence: CC BY-NC-SA 3.0 IGO; fetched 2026-09-02
who_fr_child_maltreatment,WHO,World Health Organization,Maltraitance des enfants,,fr,salud_mental,hoja_padres,https://www.who.int/fr/news-room/fact-sheets/detail/child-maltreatment,licence: CC BY-NC-SA 3.0 IGO; fetched 2026-09-12
who_es_child_maltreatment,WHO,World Health Organization,Maltrato infantil,,es,salud_mental,hoja_padres,https://www.who.int/es/news-room/fact-sheets/detail/child-maltreatment,licence: CC BY-NC-SA 3.0 IGO; fetched 2026-09-12
who_en_measles,WHO,World Health Organization,Measles,,en,piel,hoja_padres,https://www.who.int/news-room/fact-sheets/detail/measles,licence: CC BY-NC-SA 3.0 IGO; fetched 2026-09-02
who_en_adolescent_mental_health,WHO,World Health Organization,Mental health of adolescents,,en,salud_mental,hoja_padres,https://www.who.int/news-room/fact-sheets/detail/adolescent-mental-health,licence: CC BY-NC-SA 3.0 IGO; fetched 2026-09-02
who_es_preterm_birth,WHO,World Health Organization,Nacimientos prematuros,,es,recien_nacido,hoja_padres,https://www.who.int/es/news-room/fact-sheets/detail/preterm-birth,licence: CC BY-NC-SA 3.0 IGO; fetched 2026-09-11
who_fr_preterm_birth,WHO,World Health Organization,Naissances prématurées,,fr,recien_nacido,hoja_padres,https://www.who.int/fr/news-room/fact-sheets/detail/preterm-birth,licence: CC BY-NC-SA 3.0 IGO; fetched 2026-09-11
who_es_pneumonia,WHO,World Health Organization,Neumonía infantil,,es,respiratorio,hoja_padres,https://www.who.int/es/news-room/fact-sheets/detail/pneumonia,licence: CC BY-NC-SA 3.0 IGO; fetched 2026-09-02
who_fr_child_growth_standards,WHO,World Health Organization,Normes de croissance de l'enfant,,fr,desarrollo,hoja_padres,https://www.who.int/fr/news-room/questions-and-answers/item/child-growth-standards,licence: CC BY-NC-SA 3.0 IGO; fetched 2026-09-13
who_es_obesity_and_overweight,WHO,World Health Organization,Obesidad y sobrepeso,,es,alimentacion,hoja_padres,https://www.who.int/es/news-room/fact-sheets/detail/obesity-and-overweight,licence: CC BY-NC-SA 3.0 IGO; fetched 2026-09-11
who_en_obesity_and_overweight,WHO,World Health Organization,Obesity and overweight,,en,alimentacion,hoja_padres,https://www.who.int/news-room/fact-sheets/detail/obesity-and-overweight,licence: CC BY-NC-SA 3.0 IGO; fetched 2026-09-11
who_fr_obesity_and_overweight,WHO,World Health Organization,Obésité et surpoids,,fr,alimentacion,hoja_padres,https://www.who.int/fr/news-room/fact-sheets/detail/obesity-and-overweight,licence: CC BY-NC-SA 3.0 IGO; fetched 2026-09-11
who_en_oral_health,WHO,World Health Organization,Oral health,,en,dental,hoja_padres,https://www.who.int/news-room/fact-sheets/detail/oral-health,licence: CC BY-NC-SA 3.0 IGO; fetched 2026-09-11
who_fr_malaria,WHO,World Health Organization,Paludisme,,fr,fiebre,hoja_padres,https://www.who.int/fr/news-room/fact-sheets/detail/malaria,licence: CC BY-NC-SA 3.0 IGO; fetched 2026-09-11
who_es_malaria,WHO,World Health Organization,Paludismo,,es,fiebre,hoja_padres,https://www.who.int/es/news-room/fact-sheets/detail/malaria,licence: CC BY-NC-SA 3.0 IGO; fetched 2026-09-11
who_es_child_growth_standards,WHO,World Health Organization,Patrones de crecimiento infantil,,es,desarrollo,hoja_padres,https://www.who.int/es/news-room/questions-and-answers/item/child-growth-standards,licence: CC BY-NC-SA 3.0 IGO; fetched 2026-09-13
who_en_pneumonia,WHO,World Health Organization,Pneumonia in children,,en,respiratorio,hoja_padres,https://www.who.int/news-room/fact-sheets/detail/pneumonia,licence: CC BY-NC-SA 3.0 IGO; fetched 2026-09-02
who_fr_pneumonia,WHO,World Health Organization,Pneumonie de l'enfant,,fr,respiratorio,hoja_padres,https://www.who.int/fr/news-room/fact-sheets/detail/pneumonia,licence: CC BY-NC-SA 3.0 IGO; fetched 2026-09-02
who_en_poliomyelitis,WHO,World Health Organization,Poliomyelitis,,en,vacunas,hoja_padres,https://www.who.int/news-room/fact-sheets/detail/poliomyelitis,licence: CC BY-NC-SA 3.0 IGO; fetched 2026-09-20
who_fr_household_air_pollution_and_health,WHO,World Health Organization,Pollution de l’air à l’intérieur des habitations,,fr,respiratorio,hoja_padres,https://www.who.int/fr/news-room/fact-sheets/detail/household-air-pollution-and-health,licence: CC BY-NC-SA 3.0 IGO; fetched 2026-09-12
who_en_preterm_birth,WHO,World Health Organization,Preterm birth,,en,recien_nacido,hoja_padres,https://www.who.int/news-room/fact-sheets/detail/preterm-birth,licence: CC BY-NC-SA 3.0 IGO; fetched 2026-09-11
who_es_rabies,WHO,World Health Organization,Rabia,,es,accidentes,hoja_padres,https://www.who.int/es/news-room/fact-sheets/detail/rabies,licence: CC BY-NC-SA 3.0 IGO; fetched 2026-09-11
who_en_rabies,WHO,World Health Organization,Rabies,,en,accidentes,hoja_padres,https://www.who.int/news-room/fact-sheets/detail/rabies,licence: CC BY-NC-SA 3.0 IGO; fetched 2026-09-11
who_fr_rabies,WHO,World Health Organization,Rage,,fr,accidentes,hoja_padres,https://www.who.int/fr/news-room/fact-sheets/detail/rabies,licence: CC BY-NC-SA 3.0 IGO; fetched 2026-09-11
who_en_road_traffic_injuries,WHO,World Health Organization,Road traffic injuries,,en,accidentes,hoja_padres,https://www.who.int/news-room/fact-sheets/detail/road-traffic-injuries,licence: CC BY-NC-SA 3.0 IGO; fetched 2026-09-11
who_fr_measles,WHO,World Health Organization,Rougeole,,fr,piel,hoja_padres,https://www.who.int/fr/news-room/fact-sheets/detail/measles,licence: CC BY-NC-SA 3.0 IGO; fetched 2026-09-02
who_es_oral_health,WHO,World Health Organization,Salud bucodental,,es,dental,hoja_padres,https://www.who.int/es/news-room/fact-sheets/detail/oral-health,licence: CC BY-NC-SA 3.0 IGO; fetched 2026-09-11
who_fr_oral_health,WHO,World Health Organization,Santé bucco-dentaire,,fr,dental,hoja_padres,https://www.who.int/fr/news-room/fact-sheets/detail/oral-health,licence: CC BY-NC-SA 3.0 IGO; fetched 2026-09-11
who_fr_adolescent_mental_health,WHO,World Health Organization,Santé mentale des adolescentes et des adolescents,,fr,salud_mental,hoja_padres,https://www.who.int/fr/news-room/fact-sheets/detail/adolescent-mental-health,licence: CC BY-NC-SA 3.0 IGO; fetched 2026-09-02
who_es_measles,WHO,World Health Organization,Sarampión,,es,piel,hoja_padres,https://www.who.int/es/news-room/fact-sheets/detail/measles,licence: CC BY-NC-SA 3.0 IGO; fetched 2026-09-02
who_es_scabies,WHO,World Health Organization,Sarna,,es,piel,hoja_padres,https://www.who.int/es/news-room/fact-sheets/detail/scabies,licence: CC BY-NC-SA 3.0 IGO; fetched 2026-09-11
who_en_scabies,WHO,World Health Organization,Scabies,,en,piel,hoja_padres,https://www.who.int/news-room/fact-sheets/detail/scabies,licence: CC BY-NC-SA 3.0 IGO; fetched 2026-09-11
who_en_sepsis,WHO,World Health Organization,Sepsis,,en,urgencias,hoja_padres,https://www.who.int/news-room/fact-sheets/detail/sepsis,licence: CC BY-NC-SA 3.0 IGO; fetched 2026-09-11
who_es_sepsis,WHO,World Health Organization,Sepsis,,es,urgencias,hoja_padres,https://www.who.int/es/news-room/fact-sheets/detail/sepsis,licence: CC BY-NC-SA 3.0 IGO; fetched 2026-09-11
who_fr_sepsis,WHO,World Health Organization,Sepsis,,fr,urgencias,hoja_padres,https://www.who.int/fr/news-room/fact-sheets/detail/sepsis,licence: CC BY-NC-SA 3.0 IGO; fetched 2026-09-11
who_en_sickle_cell_disease,WHO,World Health Organization,Sickle-cell disease,,en,general,hoja_padres,https://www.who.int/news-room/fact-sheets/detail/sickle-cell-disease,licence: CC BY-NC-SA 3.0 IGO; fetched 2026-09-12
who_en_snakebite_envenoming,WHO,World Health Organization,Snakebite envenoming,,en,accidentes,hoja_padres,https://www.who.int/news-room/fact-sheets/detail/snakebite-envenoming,licence: CC BY-NC-SA 3.0 IGO; fetched 2026-09-11
who_en_soil_transmitted_helminth_infections,WHO,World Health Organization,Soil-transmitted helminth infections,,en,digestivo,hoja_padres,https://www.who.int/news-room/fact-sheets/detail/soil-transmitted-helminth-infections,licence: CC BY-NC-SA 3.0 IGO; fetched 2026-09-11
who_es_deafness_and_hearing_loss,WHO,World Health Organization,Sordera y pérdida de la audición,,es,orl,hoja_padres,https://www.who.int/es/news-room/fact-sheets/detail/deafness-and-hearing-loss,licence: CC BY-NC-SA 3.0 IGO; fetched 2026-09-12
who_fr_deafness_and_hearing_loss,WHO,World Health Organization,Surdité et perte auditive,,fr,orl,hoja_padres,https://www.who.int/fr/news-room/fact-sheets/detail/deafness-and-hearing-loss,licence: CC BY-NC-SA 3.0 IGO; fetched 2026-09-12
who_fr_food_safety,WHO,World Health Organization,Sécurité sanitaire des aliments,,fr,digestivo,hoja_padres,https://www.who.int/fr/news-room/fact-sheets/detail/food-safety,licence: CC BY-NC-SA 3.0 IGO; fetched 2026-09-11
who_fr_tobacco,WHO,World Health Organization,Tabac et nicotine,,fr,respiratorio,hoja_padres,https://www.who.int/fr/news-room/fact-sheets/detail/tobacco,licence: CC BY-NC-SA 3.0 IGO; fetched 2026-09-12
who_es_tobacco,WHO,World Health Organization,Tabaco y nicotina,,es,respiratorio,hoja_padres,https://www.who.int/es/news-room/fact-sheets/detail/tobacco,licence: CC BY-NC-SA 3.0 IGO; fetched 2026-09-12
who_en_tetanus,WHO,World Health Organization,Tetanus,,en,vacunas,hoja_padres,https://www.who.int/news-room/fact-sheets/detail/tetanus,licence: CC BY-NC-SA 3.0 IGO; fetched 2026-09-11
who_en_tobacco,WHO,World Health Organization,Tobacco and nicotine,,en,respiratorio,hoja_padres,https://www.who.int/news-room/fact-sheets/detail/tobacco,licence: CC BY-NC-SA 3.0 IGO; fetched 2026-09-12
who_fr_road_traffic_injuries,WHO,World Health Organization,Traumatismes dus aux accidents de la circulation,,fr,accidentes,hoja_padres,https://www.who.int/fr/news-room/fact-sheets/detail/road-traffic-injuries,licence: CC BY-NC-SA 3.0 IGO; fetched 2026-09-11
who_es_road_traffic_injuries,WHO,World Health Organization,Traumatismos causados por el tránsito,,es,accidentes,hoja_padres,https://www.who.int/es/news-room/fact-sheets/detail/road-traffic-injuries,licence: CC BY-NC-SA 3.0 IGO; fetched 2026-09-11
who_en_typhoid,WHO,World Health Organization,Typhoid,,en,digestivo,hoja_padres,https://www.who.int/news-room/fact-sheets/detail/typhoid,licence: CC BY-NC-SA 3.0 IGO; fetched 2026-09-11
who_es_tetanus,WHO,World Health Organization,Tétanos,,es,vacunas,hoja_padres,https://www.who.int/es/news-room/fact-sheets/detail/tetanus,licence: CC BY-NC-SA 3.0 IGO; fetched 2026-09-11
who_fr_tetanus,WHO,World Health Organization,Tétanos,,fr,vacunas,hoja_padres,https://www.who.int/fr/news-room/fact-sheets/detail/tetanus,licence: CC BY-NC-SA 3.0 IGO; fetched 2026-09-11
who_fr_hiv_aids,WHO,World Health Organization,VIH et sida,,fr,general,hoja_padres,https://www.who.int/fr/news-room/fact-sheets/detail/hiv-aids,licence: CC BY-NC-SA 3.0 IGO; fetched 2026-09-11
who_es_hiv_aids,WHO,World Health Organization,VIH y sida,,es,general,hoja_padres,https://www.who.int/es/news-room/fact-sheets/detail/hiv-aids,licence: CC BY-NC-SA 3.0 IGO; fetched 2026-09-11
who_complementary_feeding,WHO,World Health Organization,WHO guideline for complementary feeding of infants and young children 6–23 months of age,2023,en,alimentacion,guia_clinica,,
who_fr_epilepsy,WHO,World Health Organization,Épilepsie,,fr,neurologia,hoja_padres,https://www.who.int/fr/news-room/fact-sheets/detail/epilepsy,licence: CC BY-NC-SA 3.0 IGO; fetched 2026-09-11
who_ru_anaemia,WHO,World Health Organization,Анемия,,ru,alimentacion,hoja_padres,https://www.who.int/ru/news-room/fact-sheets/detail/anaemia,licence: CC BY-NC-SA 3.0 IGO; fetched 2026-09-11
who_ru_asthma,WHO,World Health Organization,Астма,,ru,respiratorio,hoja_padres,https://www.who.int/ru/news-room/fact-sheets/detail/asthma,licence: CC BY-NC-SA 3.0 IGO; fetched 2026-09-11
who_ru_autism_spectrum_disorders,WHO,World Health Organization,Аутизм,,ru,desarrollo,hoja_padres,https://www.who.int/ru/news-room/fact-sheets/detail/autism-spectrum-disorders,licence: CC BY-NC-SA 3.0 IGO; fetched 2026-09-11
who_ru_food_safety,WHO,World Health Organization,Безопасность пищевых продуктов,,ru,digestivo,hoja_padres,https://www.who.int/ru/news-room/fact-sheets/detail/food-safety,licence: CC BY-NC-SA 3.0 IGO; fetched 2026-09-11
who_ru_rabies,WHO,World Health Organization,Бешенство,,ru,accidentes,hoja_padres,https://www.who.int/ru/news-room/fact-sheets/detail/rabies,licence: CC BY-NC-SA 3.0 IGO; fetched 2026-09-11
who_ru_typhoid,WHO,World Health Organization,Брюшной тиф,,ru,digestivo,hoja_padres,https://www.who.int/ru/news-room/fact-sheets/detail/typhoid,licence: CC BY-NC-SA 3.0 IGO; fetched 2026-09-11
who_ru_hiv_aids,WHO,World Health Organization,ВИЧ и СПИД,,ru,general,hoja_padres,https://www.who.int/ru/news-room/fact-sheets/detail/hiv-aids,licence: CC BY-NC-SA 3.0 IGO; fetched 2026-09-11
who_ru_hepatitis_a,WHO,World Health Organization,Гепатит А,,ru,digestivo,hoja_padres,https://www.who.int/ru/news-room/fact-sheets/detail/hepatitis-a,licence: CC BY-NC-SA 3.0 IGO; fetched 2026-09-11
who_ru_hepatitis_b,WHO,World Health Organization,Гепатит В,,ru,general,hoja_padres,https://www.who.int/ru/news-room/fact-sheets/detail/hepatitis-b,licence: CC BY-NC-SA 3.0 IGO; fetched 2026-09-03
who_ru_deafness_and_hearing_loss,WHO,World Health Organization,Глухота и потеря слуха,,ru,orl,hoja_padres,https://www.who.int/ru/news-room/fact-sheets/detail/deafness-and-hearing-loss,licence: CC BY-NC-SA 3.0 IGO; fetched 2026-09-12
who_ru_influenza_seasonal,WHO,World Health Organization,Грипп (сезонный),,ru,respiratorio,hoja_padres,https://www.who.int/ru/news-room/fact-sheets/detail/influenza-(seasonal),licence: CC BY-NC-SA 3.0 IGO; fetched 2026-09-11
who_ru_dengue_and_severe_dengue,WHO,World Health Organization,Денге и тяжелая денге,,ru,fiebre,hoja_padres,https://www.who.int/ru/news-room/fact-sheets/detail/dengue-and-severe-dengue,licence: CC BY-NC-SA 3.0 IGO; fetched 2026-09-11
who_ru_diarrhoeal_disease,WHO,World Health Organization,Диарея,,ru,digestivo,hoja_padres,https://www.who.int/ru/news-room/fact-sheets/detail/diarrhoeal-disease,licence: CC BY-NC-SA 3.0 IGO; fetched 2026-09-03
who_ru_diphtheria,WHO,World Health Organization,Дифтерия,,ru,vacunas,hoja_padres,https://www.who.int/ru/news-room/fact-sheets/detail/diphtheria,licence: CC BY-NC-SA 3.0 IGO; fetched 2026-09-11
who_ru_road_traffic_injuries,WHO,World Health Organization,Дорожно-транспортный травматизм,,ru,accidentes,hoja_padres,https://www.who.int/ru/news-room/fact-sheets/detail/road-traffic-injuries,licence: CC BY-NC-SA 3.0 IGO; fetched 2026-09-11
who_ru_child_maltreatment,WHO,World Health Organization,Жестокое обращение с детьми,,ru,salud_mental,hoja_padres,https://www.who.int/ru/news-room/fact-sheets/detail/child-maltreatment,licence: CC BY-NC-SA 3.0 IGO; fetched 2026-09-12
who_ru_household_air_pollution_and_health,WHO,World Health Organization,Загрязнение воздуха внутри жилых помещений,,ru,respiratorio,hoja_padres,https://www.who.int/ru/news-room/fact-sheets/detail/household-air-pollution-and-health,licence: CC BY-NC-SA 3.0 IGO; fetched 2026-09-12
who_ru_measles,WHO,World Health Organization,Корь,,ru,piel,hoja_padres,https://www.who.int/ru/news-room/fact-sheets/detail/measles,licence: CC BY-NC-SA 3.0 IGO; fetched 2026-09-03
who_ru_rubella,WHO,World Health Organization,Краснуха,,ru,piel,hoja_padres,https://www.who.int/ru/news-room/fact-sheets/detail/rubella,licence: CC BY-NC-SA 3.0 IGO; fetched 2026-09-03
who_ru_malaria,WHO,World Health Organization,Малярия,,ru,fiebre,hoja_padres,https://www.who.int/ru/news-room/fact-sheets/detail/malaria,licence: CC BY-NC-SA 3.0 IGO; fetched 2026-09-11
who_ru_meningitis,WHO,World Health Organization,Менингит,,ru,general,hoja_padres,https://www.who.int/ru/news-room/fact-sheets/detail/meningitis,licence: CC BY-NC-SA 3.0 IGO; fetched 2026-09-03
who_ru_malnutrition,WHO,World Health Organization,Неполноценное питание,,ru,alimentacion,hoja_padres,https://www.who.int/ru/news-room/fact-sheets/detail/malnutrition,licence: CC BY-NC-SA 3.0 IGO; fetched 2026-09-03
who_ru_obesity_and_overweight,WHO,World Health Organization,Ожирение и избыточная масса тела,,ru,alimentacion,hoja_padres,https://www.who.int/ru/news-room/fact-sheets/detail/obesity-and-overweight,licence: CC BY-NC-SA 3.0 IGO; fetched 2026-09-11
who_ru_burns,WHO,World Health Organization,Ожоги,,ru,accidentes,hoja_padres,https://www.who.int/ru/news-room/fact-sheets/detail/burns,licence: CC BY-NC-SA 3.0 IGO; fetched 2026-09-03
who_ru_lead_poisoning_and_health,WHO,World Health Organization,Отравление свинцом,,ru,intoxicacion,hoja_padres,https://www.who.int/ru/news-room/fact-sheets/detail/lead-poisoning-and-health,licence: CC BY-NC-SA 3.0 IGO; fetched 2026-09-12
who_ru_immunization_coverage,WHO,World Health Organization,Охват иммунизацией,,ru,vacunas,hoja_padres,https://www.who.int/ru/news-room/fact-sheets/detail/immunization-coverage,licence: CC BY-NC-SA 3.0 IGO; fetched 2026-09-03
who_ru_oral_health,WHO,World Health Organization,Охрана здоровья полости рта,,ru,dental,hoja_padres,https://www.who.int/ru/news-room/fact-sheets/detail/oral-health,licence: CC BY-NC-SA 3.0 IGO; fetched 2026-09-11
who_ru_falls,WHO,World Health Organization,Падения,,ru,accidentes,hoja_padres,https://www.who.int/ru/news-room/fact-sheets/detail/falls,licence: CC BY-NC-SA 3.0 IGO; fetched 2026-09-03
who_ru_soil_transmitted_helminth_infections,WHO,World Health Organization,Передающиеся через почву гельминтозы,,ru,digestivo,hoja_padres,https://www.who.int/ru/news-room/fact-sheets/detail/soil-transmitted-helminth-infections,licence: CC BY-NC-SA 3.0 IGO; fetched 2026-09-11
who_ru_infant_and_young_child_feeding,WHO,World Health Organization,Питание детей грудного и раннего возраста,,ru,alimentacion,hoja_padres,https://www.who.int/ru/news-room/fact-sheets/detail/infant-and-young-child-feeding,licence: CC BY-NC-SA 3.0 IGO; fetched 2026-09-03
who_ru_drinking_water,WHO,World Health Organization,Питьевая вода,,ru,digestivo,hoja_padres,https://www.who.int/ru/news-room/fact-sheets/detail/drinking-water,licence: CC BY-NC-SA 3.0 IGO; fetched 2026-09-11
who_ru_pneumonia,WHO,World Health Organization,Пневмония у детей,,ru,respiratorio,hoja_padres,https://www.who.int/ru/news-room/fact-sheets/detail/pneumonia,licence: CC BY-NC-SA 3.0 IGO; fetched 2026-09-03
who_ru_poliomyelitis,WHO,World Health Organization,Полиомиелит,,ru,general,hoja_padres,https://www.who.int/ru/news-room/fact-sheets/detail/poliomyelitis,licence: CC BY-NC-SA 3.0 IGO; fetched 2026-09-03
who_ru_snakebite_envenoming,WHO,World Health Organization,Поражение змеиным ядом,,ru,accidentes,hoja_padres,https://www.who.int/ru/news-room/fact-sheets/detail/snakebite-envenoming,licence: CC BY-NC-SA 3.0 IGO; fetched 2026-09-11
who_ru_preterm_birth,WHO,World Health Organization,Преждевременные роды,,ru,recien_nacido,hoja_padres,https://www.who.int/ru/news-room/fact-sheets/detail/preterm-birth,licence: CC BY-NC-SA 3.0 IGO; fetched 2026-09-11
who_ru_adolescent_mental_health,WHO,World Health Organization,Психическое здоровье подростков,,ru,salud_mental,hoja_padres,https://www.who.int/ru/news-room/fact-sheets/detail/adolescent-mental-health,licence: CC BY-NC-SA 3.0 IGO; fetched 2026-09-03
who_ru_sepsis,WHO,World Health Organization,Сепсис,,ru,urgencias,hoja_padres,https://www.who.int/ru/news-room/fact-sheets/detail/sepsis,licence: CC BY-NC-SA 3.0 IGO; fetched 2026-09-11
who_ru_sickle_cell_disease,WHO,World Health Organization,Серповидноклеточная анемия ‎,,ru,general,hoja_padres,https://www.who.int/ru/news-room/fact-sheets/detail/sickle-cell-disease,licence: CC BY-NC-SA 3.0 IGO; fetched 2026-09-12
who_ru_blindness_and_visual_impairment,WHO,World Health Organization,Слепота и нарушения зрения,,ru,ojos,hoja_padres,https://www.who.int/ru/news-room/fact-sheets/detail/blindness-and-visual-impairment,licence: CC BY-NC-SA 3.0 IGO; fetched 2026-09-12
who_ru_child_growth_standards,WHO,World Health Organization,Стандарты физического развития детей,,ru,desarrollo,hoja_padres,https://www.who.int/ru/news-room/questions-and-answers/item/child-growth-standards,licence: CC BY-NC-SA 3.0 IGO; fetched 2026-09-13
who_ru_tetanus,WHO,World Health Organization,Столбняк,,ru,vacunas,hoja_padres,https://www.who.int/ru/news-room/fact-sheets/detail/tetanus,licence: CC BY-NC-SA 3.0 IGO; fetched 2026-09-11
who_ru_tobacco,WHO,World Health Organization,Табак и никотин,,ru,respiratorio,hoja_padres,https://www.who.int/ru/news-room/fact-sheets/detail/tobacco,licence: CC BY-NC-SA 3.0 IGO; fetched 2026-09-12
who_ru_tuberculosis,WHO,World Health Organization,Туберкулез,,ru,respiratorio,hoja_padres,https://www.who.int/ru/news-room/fact-sheets/detail/tuberculosis,licence: CC BY-NC-SA 3.0 IGO; fetched 2026-09-03
who_ru_drowning,WHO,World Health Organization,Утопления,,ru,accidentes,hoja_padres,https://www.who.int/ru/news-room/fact-sheets/detail/drowning,licence: CC BY-NC-SA 3.0 IGO; fetched 2026-09-03
who_ru_cholera,WHO,World Health Organization,Холера,,ru,digestivo,hoja_padres,https://www.who.int/ru/news-room/fact-sheets/detail/cholera,licence: CC BY-NC-SA 3.0 IGO; fetched 2026-09-18
who_ru_scabies,WHO,World Health Organization,Чесотка,,ru,piel,hoja_padres,https://www.who.int/ru/news-room/fact-sheets/detail/scabies,licence: CC BY-NC-SA 3.0 IGO; fetched 2026-09-11
who_ru_epilepsy,WHO,World Health Organization,Эпилепсия,,ru,neurologia,hoja_padres,https://www.who.int/ru/news-room/fact-sheets/detail/epilepsy,licence: CC BY-NC-SA 3.0 IGO; fetched 2026-09-11
who_ar_child_maltreatment,WHO,World Health Organization,إساءة معاملة الأطفال,,ar,salud_mental,hoja_padres,https://www.who.int/ar/news-room/fact-sheets/detail/child-maltreatment,licence: CC BY-NC-SA 3.0 IGO; fetched 2026-09-12
who_ar_influenza_seasonal,WHO,World Health Organization,الأنفلونزا (الموسمية),,ar,respiratorio,hoja_padres,https://www.who.int/ar/news-room/fact-sheets/detail/influenza-(seasonal),licence: CC BY-NC-SA 3.0 IGO; fetched 2026-09-11
who_ar_road_traffic_injuries,WHO,World Health Organization,الإصابات الناجمة عن حوادث المرور,,ar,accidentes,hoja_padres,https://www.who.int/ar/news-room/fact-sheets/detail/road-traffic-injuries,licence: CC BY-NC-SA 3.0 IGO; fetched 2026-09-11
who_ar_sepsis,WHO,World Health Organization,الإنتان,,ar,urgencias,hoja_padres,https://www.who.int/ar/news-room/fact-sheets/detail/sepsis,licence: CC BY-NC-SA 3.0 IGO; fetched 2026-09-11
who_ar_pneumonia,WHO,World Health Organization,الالتهاب الرئوي لدى الأطفال,,ar,respiratorio,hoja_padres,https://www.who.int/ar/news-room/fact-sheets/detail/pneumonia,licence: CC BY-NC-SA 3.0 IGO; fetched 2026-09-03
who_ar_tobacco,WHO,World Health Organization,التبغ والنيكوتين,,ar,respiratorio,hoja_padres,https://www.who.int/ar/news-room/fact-sheets/detail/tobacco,licence: CC BY-NC-SA 3.0 IGO; fetched 2026-09-12
who_ar_snakebite_envenoming,WHO,World Health Organization,التسمم الناجم عن لدغ الثعابين,,ar,accidentes,hoja_padres,https://www.who.int/ar/news-room/fact-sheets/detail/snakebite-envenoming,licence: CC BY-NC-SA 3.0 IGO; fetched 2026-09-11
who_ar_lead_poisoning_and_health,WHO,World Health Organization,التسمّم بالرصاص,,ar,intoxicacion,hoja_padres,https://www.who.int/ar/news-room/fact-sheets/detail/lead-poisoning-and-health,licence: CC BY-NC-SA 3.0 IGO; fetched 2026-09-12
who_ar_immunization_coverage,WHO,World Health Organization,التغطية بالتمنيع,,ar,vacunas,hoja_padres,https://www.who.int/ar/news-room/fact-sheets/detail/immunization-coverage,licence: CC BY-NC-SA 3.0 IGO; fetched 2026-09-03
who_ar_meningitis,WHO,World Health Organization,التهاب السحايا,,ar,general,hoja_padres,https://www.who.int/ar/news-room/fact-sheets/detail/meningitis,licence: CC BY-NC-SA 3.0 IGO; fetched 2026-09-03
who_ar_hepatitis_a,WHO,World Health Organization,التهاب الكبد A,,ar,digestivo,hoja_padres,https://www.who.int/ar/news-room/fact-sheets/detail/hepatitis-a,licence: CC BY-NC-SA 3.0 IGO; fetched 2026-09-11
who_ar_hepatitis_b,WHO,World Health Organization,التهاب الكبد B,,ar,general,hoja_padres,https://www.who.int/ar/news-room/fact-sheets/detail/hepatitis-b,licence: CC BY-NC-SA 3.0 IGO; fetched 2026-09-03
who_ar_autism_spectrum_disorders,WHO,World Health Organization,التوحد,,ar,desarrollo,hoja_padres,https://www.who.int/ar/news-room/fact-sheets/detail/autism-spectrum-disorders,licence: CC BY-NC-SA 3.0 IGO; fetched 2026-09-11
who_ar_tetanus,WHO,World Health Organization,التيتانوس (الكزاز),,ar,vacunas,hoja_padres,https://www.who.int/ar/news-room/fact-sheets/detail/tetanus,licence: CC BY-NC-SA 3.0 IGO; fetched 2026-09-11
who_ar_typhoid,WHO,World Health Organization,التيفود,,ar,digestivo,hoja_padres,https://www.who.int/ar/news-room/fact-sheets/detail/typhoid,licence: CC BY-NC-SA 3.0 IGO; fetched 2026-09-11
who_ar_scabies,WHO,World Health Organization,الجرب,,ar,piel,hoja_padres,https://www.who.int/ar/news-room/fact-sheets/detail/scabies,licence: CC BY-NC-SA 3.0 IGO; fetched 2026-09-11
who_ar_burns,WHO,World Health Organization,الحروق,,ar,accidentes,hoja_padres,https://www.who.int/ar/news-room/fact-sheets/detail/burns,licence: CC BY-NC-SA 3.0 IGO; fetched 2026-09-03
who_ar_measles,WHO,World Health Organization,الحصبة,,ar,piel,hoja_padres,https://www.who.int/ar/news-room/fact-sheets/detail/measles,licence: CC BY-NC-SA 3.0 IGO; fetched 2026-09-03
who_ar_rubella,WHO,World Health Organization,الحصبة الألمانية,,ar,piel,hoja_padres,https://www.who.int/ar/news-room/fact-sheets/detail/rubella,licence: CC BY-NC-SA 3.0 IGO; fetched 2026-09-03
who_ar_diphtheria,WHO,World Health Organization,الخناق (الدفتيريا),,ar,vacunas,hoja_padres,https://www.who.int/ar/news-room/fact-sheets/detail/diphtheria,licence: CC BY-NC-SA 3.0 IGO; fetched 2026-09-11
who_ar_asthma,WHO,World Health Organization,الربو,,ar,respiratorio,hoja_padres,https://www.who.int/ar/news-room/fact-sheets/detail/asthma,licence: CC BY-NC-SA 3.0 IGO; fetched 2026-09-11
who_ar_tuberculosis,WHO,World Health Organization,السل,,ar,respiratorio,hoja_padres,https://www.who.int/ar/news-room/fact-sheets/detail/tuberculosis,licence: CC BY-NC-SA 3.0 IGO; fetched 2026-09-03
who_ar_obesity_and_overweight,WHO,World Health Organization,السمنة وزيادة الوزن,,ar,alimentacion,hoja_padres,https://www.who.int/ar/news-room/fact-sheets/detail/obesity-and-overweight,licence: CC BY-NC-SA 3.0 IGO; fetched 2026-09-11
who_ar_epilepsy,WHO,World Health Organization,الصرع,,ar,neurologia,hoja_padres,https://www.who.int/ar/news-room/fact-sheets/detail/epilepsy,licence: CC BY-NC-SA 3.0 IGO; fetched 2026-09-11
who_ar_deafness_and_hearing_loss,WHO,World Health Organization,الصمم وفقدان السمع,,ar,orl,hoja_padres,https://www.who.int/ar/news-room/fact-sheets/detail/deafness-and-hearing-loss,licence: CC BY-NC-SA 3.0 IGO; fetched 2026-09-12
who_ar_blindness_and_visual_impairment,WHO,World Health Organization,العمى وضعف البصر,,ar,ojos,hoja_padres,https://www.who.int/ar/news-room/fact-sheets/detail/blindness-and-visual-impairment,licence: CC BY-NC-SA 3.0 IGO; fetched 2026-09-12
who_ar_drowning,WHO,World Health Organization,الغرق,,ar,accidentes,hoja_padres,https://www.who.int/ar/news-room/fact-sheets/detail/drowning,licence: CC BY-NC-SA 3.0 IGO; fetched 2026-09-03
who_ar_cholera,WHO,World Health Organization,الكوليرا,,ar,digestivo,hoja_padres,https://www.who.int/ar/news-room/fact-sheets/detail/cholera,licence: CC BY-NC-SA 3.0 IGO; fetched 2026-09-18
who_ar_malaria,WHO,World Health Organization,الملاريا,,ar,fiebre,hoja_padres,https://www.who.int/ar/news-room/fact-sheets/detail/malaria,licence: CC BY-NC-SA 3.0 IGO; fetched 2026-09-11
who_ar_preterm_birth,WHO,World Health Organization,الولادة المبتسرة,,ar,recien_nacido,hoja_padres,https://www.who.int/ar/news-room/fact-sheets/detail/preterm-birth,licence: CC BY-NC-SA 3.0 IGO; fetched 2026-09-11
who_ar_infant_and_young_child_feeding,WHO,World Health Organization,تغذية الرضّع وصغار الأطفال,,ar,alimentacion,hoja_padres,https://www.who.int/ar/news-room/fact-sheets/detail/infant-and-young-child-feeding,licence: CC BY-NC-SA 3.0 IGO; fetched 2026-09-03
who_ar_household_air_pollution_and_health,WHO,World Health Organization,تلوّث الهواء داخل المنزل,,ar,respiratorio,hoja_padres,https://www.who.int/ar/news-room/fact-sheets/detail/household-air-pollution-and-health,licence: CC BY-NC-SA 3.0 IGO; fetched 2026-09-12
who_ar_falls,WHO,World Health Organization,حالات السقوط,,ar,accidentes,hoja_padres,https://www.who.int/ar/news-room/fact-sheets/detail/falls,licence: CC BY-NC-SA 3.0 IGO; fetched 2026-09-03
who_ar_dengue_and_severe_dengue,WHO,World Health Organization,حُمّى الضنك وحُمّى الضنك الوخيمة,,ar,fiebre,hoja_padres,https://www.who.int/ar/news-room/fact-sheets/detail/dengue-and-severe-dengue,licence: CC BY-NC-SA 3.0 IGO; fetched 2026-09-11
who_ar_rabies,WHO,World Health Organization,داء الكلب,,ar,accidentes,hoja_padres,https://www.who.int/ar/news-room/fact-sheets/detail/rabies,licence: CC BY-NC-SA 3.0 IGO; fetched 2026-09-11
who_ar_food_safety,WHO,World Health Organization,سلامة الأغذية,,ar,digestivo,hoja_padres,https://www.who.int/ar/news-room/fact-sheets/detail/food-safety,licence: CC BY-NC-SA 3.0 IGO; fetched 2026-09-11
who_ar_malnutrition,WHO,World Health Organization,سوء التغذية,,ar,alimentacion,hoja_padres,https://www.who.int/ar/news-room/fact-sheets/detail/malnutrition,licence: CC BY-NC-SA 3.0 IGO; fetched 2026-09-03
who_ar_poliomyelitis,WHO,World Health Organization,شلل الأطفال,,ar,general,hoja_padres,https://www.who.int/ar/news-room/fact-sheets/detail/poliomyelitis,licence: CC BY-NC-SA 3.0 IGO; fetched 2026-09-03
who_ar_oral_health,WHO,World Health Organization,صحة الفم,,ar,dental,hoja_padres,https://www.who.int/ar/news-room/fact-sheets/detail/oral-health,licence: CC BY-NC-SA 3.0 IGO; fetched 2026-09-11
who_ar_adolescent_mental_health,WHO,World Health Organization,صحة المراهقين النفسية,,ar,salud_mental,hoja_padres,https://www.who.int/ar/news-room/fact-sheets/detail/adolescent-mental-health,licence: CC BY-NC-SA 3.0 IGO; fetched 2026-09-03
who_ar_soil_transmitted_helminth_infections,WHO,World Health Organization,عدوى الديدان الطفيلية المنقولة بالتربة,,ar,digestivo,hoja_padres,https://www.who.int/ar/news-room/fact-sheets/detail/soil-transmitted-helminth-infections,licence: CC BY-NC-SA 3.0 IGO; fetched 2026-09-11
who_ar_anaemia,WHO,World Health Organization,فقر الدم,,ar,alimentacion,hoja_padres,https://www.who.int/ar/news-room/fact-sheets/detail/anaemia,licence: CC BY-NC-SA 3.0 IGO; fetched 2026-09-11
who_ar_hiv_aids,WHO,World Health Organization,فيروس العوز المناعي البشري والأيدز,,ar,general,hoja_padres,https://www.who.int/ar/news-room/fact-sheets/detail/hiv-aids,licence: CC BY-NC-SA 3.0 IGO; fetched 2026-09-11
who_ar_diarrhoeal_disease,WHO,World Health Organization,مرض الإسهال,,ar,digestivo,hoja_padres,https://www.who.int/ar/news-room/fact-sheets/detail/diarrhoeal-disease,licence: CC BY-NC-SA 3.0 IGO; fetched 2026-09-03
who_ar_sickle_cell_disease,WHO,World Health Organization,مرض فقر الدم المنجلي,,ar,general,hoja_padres,https://www.who.int/ar/news-room/fact-sheets/detail/sickle-cell-disease,licence: CC BY-NC-SA 3.0 IGO; fetched 2026-09-12
who_ar_child_growth_standards,WHO,World Health Organization,معايير نمو الطفل,,ar,desarrollo,hoja_padres,https://www.who.int/ar/news-room/questions-and-answers/item/child-growth-standards,licence: CC BY-NC-SA 3.0 IGO; fetched 2026-09-13
who_ar_drinking_water,WHO,World Health Organization,مياه الشرب,,ar,digestivo,hoja_padres,https://www.who.int/ar/news-room/fact-sheets/detail/drinking-water,licence: CC BY-NC-SA 3.0 IGO; fetched 2026-09-11
